Workbook

Sheet insurance orig
A1: age | B1: sex | C1: bmi | D1: children | E1: smoker | F1: region | G1: charges
A2: 19 | B2: female | C2: 27.9 | D2: 0 | E2: yes | F2: southwest | G2: 16884.924
A3: 18 | B3: male | C3: 33.77 | D3: 1 | E3: no | F3: southeast | G3: 1725.5523
A4: 28 | B4: male | C4: 33 | D4: 3 | E4: no | F4: southeast | G4: 4449.462
A5: 33 | B5: male | C5: 22.705 | D5: 0 | E5: no | F5: northwest | G5: 21984.471
A6: 32 | B6: male | C6: 28.88 | D6: 0 | E6: no | F6: northwest | G6: 3866.8552
A7: 31 | B7: female | C7: 25.74 | D7: 0 | E7: no | F7: southeast | G7: 3756.6216
A8: 46 | B8: female | C8: 33.44 | D8: 1 | E8: no | F8: southeast | G8: 8240.5896
A9: 37 | B9: female | C9: 27.74 | D9: 3 | E9: no | F9: northwest | G9: 7281.5056
A10: 37 | B10: male | C10: 29.83 | D10: 2 | E10: no | F10: northeast | G10: 6406.4107
A11: 60 | B11: female | C11: 25.84 | D11: 0 | E11: no | F11: northwest | G11: 28923.137
A12: 25 | B12: male | C12: 26.22 | D12: 0 | E12: no | F12: northeast | G12: 2721.3208
A13: 62 | B13: female | C13: 26.29 | D13: 0 | E13: yes | F13: southeast | G13: 27808.725
... A1339: 61 | B1339: female | C1339: 29.07 | D1339: 0 | E1339: yes | F1339: northwest | G1339: 29141.36

Sheet insurance olah
A1: age | B1: sex | C1: bmi | D1: children | E1: smoker | F1: region | G1: charges | H1: charges_class | I1: desc_charges_class | J1: charges_16,7K | K1: smoker_alias | L1: region_alias
A2: 19 | B2: female | C2: 27.9 | D2: 0 | E2: yes | F2: southwest | G2: 16884.924 | H2: {=INDEX(kelas_charges[kelas],MATCH(1,(insurance[[#This Row],[charges]]>=kelas_charges[Lower])*(insurance[[#This Row],[charges]]<kelas_charges[Upper]),0),1)} -> 3 | I2: {=INDEX(kelas_charges[desc],MATCH(1,(insurance[[#This Row],[charges]]>=kelas_charges[Lower])*(insurance[[#This Row],[charges]]<kelas_charges[Upper]),0),1)} -> 12512 s.d 18207 | J2: =IF(insurance[[#This Row],[charges]]>16700,1,0) -> 1 | K2: =IF(insurance[[#This Row],[smoker]]="yes",1,0) -> 1 | L2: =VLOOKUP(insurance[[#This Row],[region]],Table2[],2,0) -> 3
A3: 18 | B3: male | C3: 33.77 | D3: 1 | E3: no | F3: southeast | G3: 1725.5523 | H3: {=INDEX(kelas_charges[kelas],MATCH(1,(insurance[[#This Row],[charges]]>=kelas_charges[Lower])*(insurance[[#This Row],[charges]]<kelas_charges[Upper]),0),1)} -> 1 | I3: {=INDEX(kelas_charges[desc],MATCH(1,(insurance[[#This Row],[charges]]>=kelas_charges[Lower])*(insurance[[#This Row],[charges]]<kelas_charges[Upper]),0),1)} -> 1121 s.d 6817 | J3: =IF(insurance[[#This Row],[charges]]>16700,1,0) -> 0 | K3: =IF(insurance[[#This Row],[smoker]]="yes",1,0) -> 0 | L3: =VLOOKUP(insurance[[#This Row],[region]],Table2[],2,0) -> 4
A4: 28 | B4: male | C4: 33 | D4: 3 | E4: no | F4: southeast | G4: 4449.462 | H4: {=INDEX(kelas_charges[kelas],MATCH(1,(insurance[[#This Row],[charges]]>=kelas_charges[Lower])*(insurance[[#This Row],[charges]]<kelas_charges[Upper]),0),1)} -> 1 | I4: {=INDEX(kelas_charges[desc],MATCH(1,(insurance[[#This Row],[charges]]>=kelas_charges[Lower])*(insurance[[#This Row],[charges]]<kelas_charges[Upper]),0),1)} -> 1121 s.d 6817 | J4: =IF(insurance[[#This Row],[charges]]>16700,1,0) -> 0 | K4: =IF(insurance[[#This Row],[smoker]]="yes",1,0) -> 0 | L4: =VLOOKUP(insurance[[#This Row],[region]],Table2[],2,0) -> 4
A5: 33 | B5: male | C5: 22.705 | D5: 0 | E5: no | F5: northwest | G5: 21984.471 | H5: {=INDEX(kelas_charges[kelas],MATCH(1,(insurance[[#This Row],[charges]]>=kelas_charges[Lower])*(insurance[[#This Row],[charges]]<kelas_charges[Upper]),0),1)} -> 4 | I5: {=INDEX(kelas_charges[desc],MATCH(1,(insurance[[#This Row],[charges]]>=kelas_charges[Lower])*(insurance[[#This Row],[charges]]<kelas_charges[Upper]),0),1)} -> 18207 s.d 23903 | J5: =IF(insurance[[#This Row],[charges]]>16700,1,0) -> 1 | K5: =IF(insurance[[#This Row],[smoker]]="yes",1,0) -> 0 | L5: =VLOOKUP(insurance[[#This Row],[region]],Table2[],2,0) -> 1
A6: 32 | B6: male | C6: 28.88 | D6: 0 | E6: no | F6: northwest | G6: 3866.8552 | H6: {=INDEX(kelas_charges[kelas],MATCH(1,(insurance[[#This Row],[charges]]>=kelas_charges[Lower])*(insurance[[#This Row],[charges]]<kelas_charges[Upper]),0),1)} -> 1 | I6: {=INDEX(kelas_charges[desc],MATCH(1,(insurance[[#This Row],[charges]]>=kelas_charges[Lower])*(insurance[[#This Row],[charges]]<kelas_charges[Upper]),0),1)} -> 1121 s.d 6817 | J6: =IF(insurance[[#This Row],[charges]]>16700,1,0) -> 0 | K6: =IF(insurance[[#This Row],[smoker]]="yes",1,0) -> 0 | L6: =VLOOKUP(insurance[[#This Row],[region]],Table2[],2,0) -> 1
A7: 31 | B7: female | C7: 25.74 | D7: 0 | E7: no | F7: southeast | G7: 3756.6216 | H7: {=INDEX(kelas_charges[kelas],MATCH(1,(insurance[[#This Row],[charges]]>=kelas_charges[Lower])*(insurance[[#This Row],[charges]]<kelas_charges[Upper]),0),1)} -> 1 | I7: {=INDEX(kelas_charges[desc],MATCH(1,(insurance[[#This Row],[charges]]>=kelas_charges[Lower])*(insurance[[#This Row],[charges]]<kelas_charges[Upper]),0),1)} -> 1121 s.d 6817 | J7: =IF(insurance[[#This Row],[charges]]>16700,1,0) -> 0 | K7: =IF(insurance[[#This Row],[smoker]]="yes",1,0) -> 0 | L7: =VLOOKUP(insurance[[#This Row],[region]],Table2[],2,0) -> 4
A8: 46 | B8: female | C8: 33.44 | D8: 1 | E8: no | F8: southeast | G8: 8240.5896 | H8: {=INDEX(kelas_charges[kelas],MATCH(1,(insurance[[#This Row],[charges]]>=kelas_charges[Lower])*(insurance[[#This Row],[charges]]<kelas_charges[Upper]),0),1)} -> 2 | I8: {=INDEX(kelas_charges[desc],MATCH(1,(insurance[[#This Row],[charges]]>=kelas_charges[Lower])*(insurance[[#This Row],[charges]]<kelas_charges[Upper]),0),1)} -> 6817 s.d 12512 | J8: =IF(insurance[[#This Row],[charges]]>16700,1,0) -> 0 | K8: =IF(insurance[[#This Row],[smoker]]="yes",1,0) -> 0 | L8: =VLOOKUP(insurance[[#This Row],[region]],Table2[],2,0) -> 4
A9: 37 | B9: female | C9: 27.74 | D9: 3 | E9: no | F9: northwest | G9: 7281.5056 | H9: {=INDEX(kelas_charges[kelas],MATCH(1,(insurance[[#This Row],[charges]]>=kelas_charges[Lower])*(insurance[[#This Row],[charges]]<kelas_charges[Upper]),0),1)} -> 2 | I9: {=INDEX(kelas_charges[desc],MATCH(1,(insurance[[#This Row],[charges]]>=kelas_charges[Lower])*(insurance[[#This Row],[charges]]<kelas_charges[Upper]),0),1)} -> 6817 s.d 12512 | J9: =IF(insurance[[#This Row],[charges]]>16700,1,0) -> 0 | K9: =IF(insurance[[#This Row],[smoker]]="yes",1,0) -> 0 | L9: =VLOOKUP(insurance[[#This Row],[region]],Table2[],2,0) -> 1
A10: 37 | B10: male | C10: 29.83 | D10: 2 | E10: no | F10: northeast | G10: 6406.4107 | H10: {=INDEX(kelas_charges[kelas],MATCH(1,(insurance[[#This Row],[charges]]>=kelas_charges[Lower])*(insurance[[#This Row],[charges]]<kelas_charges[Upper]),0),1)} -> 1 | I10: {=INDEX(kelas_charges[desc],MATCH(1,(insurance[[#This Row],[charges]]>=kelas_charges[Lower])*(insurance[[#This Row],[charges]]<kelas_charges[Upper]),0),1)} -> 1121 s.d 6817 | J10: =IF(insurance[[#This Row],[charges]]>16700,1,0) -> 0 | K10: =IF(insurance[[#This Row],[smoker]]="yes",1,0) -> 0 | L10: =VLOOKUP(insurance[[#This Row],[region]],Table2[],2,0) -> 2
A11: 60 | B11: female | C11: 25.84 | D11: 0 | E11: no | F11: northwest | G11: 28923.137 | H11: {=INDEX(kelas_charges[kelas],MATCH(1,(insurance[[#This Row],[charges]]>=kelas_charges[Lower])*(insurance[[#This Row],[charges]]<kelas_charges[Upper]),0),1)} -> 5 | I11: {=INDEX(kelas_charges[desc],MATCH(1,(insurance[[#This Row],[charges]]>=kelas_charges[Lower])*(insurance[[#This Row],[charges]]<kelas_charges[Upper]),0),1)} -> 23903 s.d 29598 | J11: =IF(insurance[[#This Row],[charges]]>16700,1,0) -> 1 | K11: =IF(insurance[[#This Row],[smoker]]="yes",1,0) -> 0 | L11: =VLOOKUP(insurance[[#This Row],[region]],Table2[],2,0) -> 1
A12: 25 | B12: male | C12: 26.22 | D12: 0 | E12: no | F12: northeast | G12: 2721.3208 | H12: {=INDEX(kelas_charges[kelas],MATCH(1,(insurance[[#This Row],[charges]]>=kelas_charges[Lower])*(insurance[[#This Row],[charges]]<kelas_charges[Upper]),0),1)} -> 1 | I12: {=INDEX(kelas_charges[desc],MATCH(1,(insurance[[#This Row],[charges]]>=kelas_charges[Lower])*(insurance[[#This Row],[charges]]<kelas_charges[Upper]),0),1)} -> 1121 s.d 6817 | J12: =IF(insurance[[#This Row],[charges]]>16700,1,0) -> 0 | K12: =IF(insurance[[#This Row],[smoker]]="yes",1,0) -> 0 | L12: =VLOOKUP(insurance[[#This Row],[region]],Table2[],2,0) -> 2
A13: 62 | B13: female | C13: 26.29 | D13: 0 | E13: yes | F13: southeast | G13: 27808.725 | H13: {=INDEX(kelas_charges[kelas],MATCH(1,(insurance[[#This Row],[charges]]>=kelas_charges[Lower])*(insurance[[#This Row],[charges]]<kelas_charges[Upper]),0),1)} -> 5 | I13: {=INDEX(kelas_charges[desc],MATCH(1,(insurance[[#This Row],[charges]]>=kelas_charges[Lower])*(insurance[[#This Row],[charges]]<kelas_charges[Upper]),0),1)} -> 23903 s.d 29598 | J13: =IF(insurance[[#This Row],[charges]]>16700,1,0) -> 1 | K13: =IF(insurance[[#This Row],[smoker]]="yes",1,0) -> 1 | L13: =VLOOKUP(insurance[[#This Row],[region]],Table2[],2,0) -> 4
... A1339: 61 | B1339: female | C1339: 29.07 | D1339: 0 | E1339: yes | F1339: northwest | G1339: 29141.36 | H1339: {=INDEX(kelas_charges[kelas],MATCH(1,(insurance[[#This Row],[charges]]>=kelas_charges[Lower])*(insurance[[#This Row],[charges]]<kelas_charges[Upper]),0),1)} -> 5 | I1339: {=INDEX(kelas_charges[desc],MATCH(1,(insurance[[#This Row],[charges]]>=kelas_charges[Lower])*(insurance[[#This Row],[charges]]<kelas_charges[Upper]),0),1)} -> 23903 s.d 29598 | J1339: =IF(insurance[[#This Row],[charges]]>16700,1,0) -> 1 | K1339: =IF(insurance[[#This Row],[smoker]]="yes",1,0) -> 1 | L1339: =VLOOKUP(insurance[[#This Row],[region]],Table2[],2,0) -> 1

Sheet Langkah #1
A1: Langkah #1 - Analisa Descriptive Statistic
A2: No | B2: Item | C2: Hasil | D2: Keterangan
A3: 1 | B3: Rata-rata umur pengguna | C3: =AVERAGE(insurance[age]) -> 39.207025 | K3: 6 | L3: Rata rata umur perempuan dan laki-laki yang merokok
A4: 2 | B4: Rata-rata nilai BMI dari pengguna yang merokok | C4: =AVERAGEIFS(insurance[bmi],insurance[smoker],"yes") -> 30.708449 | L4: female | M4: =AVERAGEIFS(insurance[age],insurance[sex],'Langkah #1'!L4,insurance[smoker],"yes") -> 38.608696
A5: 3 | B5: Berapa rata rata umur pada data tersebut? | C5: =AVERAGEIFS(insurance[age],insurance[smoker],"yes") -> 38.514599 | L5: male | M5: =AVERAGEIFS(insurance[age],insurance[sex],'Langkah #1'!L5,insurance[smoker],"yes") -> 38.446541
A6: 4 | B6: Berapa rata rata nilai BMI dari yang merokok? | C6: =C4 -> 30.708449 | E6: perokok; non perokok | F6: =SUMIFS(insurance[bmi],insurance[smoker],"yes")/COUNTIF(insurance[smoker],"yes") -> 30.708449 | G6: =SUMIFS(insurance[bmi],insurance[smoker],"no")/COUNTIF(insurance[smoker],"no") -> 30.651795 | K6: 7 | L6: Rata rata tagihan kesehatan perokok atau non merokok
A7: 5 | B7: Apakah variansi dari data charges perokok dan non perokok sama? | L7: perokok | M7: =AVERAGEIFS(insurance[charges],insurance[smoker],"yes") -> 32050.232 | N7: =M7/M8 -> 3.8000015
A8: 6 | B8: Apakah rata rata umur perempuan dan laki-laki yang merokok sama? | C8: =M4=M5 -> FALSE | E8: wanita; pria | F8: =SUMIFS(insurance[age],insurance[sex],"female",insurance[smoker],"yes")/COUNTIFS(insurance[sex],"female",insurance[smoker],"yes") -> 38.608696 | G8: =SUMIFS(insurance[age],insurance[sex],"male",insurance[smoker],"yes")/COUNTIFS(insurance[sex],"male",insurance[smoker],"yes") -> 38.446541 | L8: non perokok | M8: =AVERAGEIFS(insurance[charges],insurance[smoker],"no") -> 8434.2683
A9: 7 | B9: Mana yang lebih tinggi, rata rata tagihan kesehatan perokok atau non merokok? | C9: Lebih tinggi perokok | E9: perokok; non perokok | F9: =SUMIFS(insurance[charges],insurance[smoker],"yes")/COUNTIF(insurance[smoker],"yes") -> 32050.232 | G9: =SUMIFS(insurance[charges],insurance[smoker],"no")/COUNTIF(insurance[smoker],"no") -> 8434.2683 | K9: 8 | L9: Rata rata tagihan kesehatan perokok yang BMI nya diatas 25 atau non perokok yang BMI nya diatas 25
A10: 8 | B10: Mana yang lebih tinggi, rata rata tagihan kesehatan perokok yang BMI nya diatas 25 atau non perokok yang BMI nya diatas 25 | C10: Lebih tinggi perokok dengan bmi>25 | E10: perokok & bmi>25; non perokok & bmi>25 | F10: =SUMIFS(insurance[charges],insurance[smoker],"yes",insurance[bmi],">"&25)/COUNTIFS(insurance[smoker],"yes",insurance[bmi],">"&25) -> 35116.91 | G10: =SUMIFS(insurance[charges],insurance[smoker],"no",insurance[bmi],">"&25)/COUNTIFS(insurance[smoker],"no",insurance[bmi],">"&25) -> 8629.5896 | H10: bmi >25 | I10: =SUMIFS(insurance[charges],insurance[bmi],">"&25)/COUNTIFS(insurance[bmi],">"&25) -> 13946.476 | L10: perokok | M10: =AVERAGEIFS(insurance[charges],insurance[smoker],"yes",insurance[bmi],">"&25) -> 35116.91 | N10: all | O10: =AVERAGE(insurance[charges]) -> 13270.422 | P10: bmi>25 | Q10: =AVERAGEIFS(insurance[charges],insurance[bmi],">"&25) -> 13946.476
A11: 9 | B11: BMI mana yang lebih tinggi, seseorang laki-laki atau perempuan? | C11: Lebih tinggi laki-laki | E11: laki-laki; perempuan | F11: =SUMIFS(insurance[bmi],insurance[sex],"male")/COUNTIF(insurance[sex],"male") -> 30.943129 | G11: =SUMIFS(insurance[bmi],insurance[sex],"female")/COUNTIF(insurance[sex],"female") -> 30.377749 | L11: non perokok | M11: =AVERAGEIFS(insurance[charges],insurance[smoker],"no",insurance[bmi],">"&25) -> 8629.5896 | N11: =M10/M11 -> 4.0693603 | P11: bmi<=25 | Q11: =AVERAGEIFS(insurance[charges],insurance[bmi],"<="&25) -> 10284.29
A12: 10 | B12: BMI mana yang lebih tinggi, seseorang perokok atau non perokok? | C12: relatif sama | E12: perokok; non perokok | F12: =SUMIFS(insurance[bmi],insurance[smoker],"yes")/COUNTIF(insurance[smoker],"yes") -> 30.708449 | G12: =SUMIFS(insurance[bmi],insurance[smoker],"no")/COUNTIF(insurance[smoker],"no") -> 30.651795 | K12: 9-10 | L12: Rata-rata bmi
L13: perokok | M13: =AVERAGEIFS(insurance[bmi],insurance[smoker],"yes") -> 30.708449 | N13: female | O13: =AVERAGEIFS(insurance[bmi],insurance[sex],'Langkah #1'!N13) -> 30.377749
A14: 11 | B14: female | C14: =COUNTIFS(insurance[sex],'Langkah #1'!B14)/COUNT(insurance[age]) -> 0.49476831 | L14: non perokok | M14: =AVERAGEIFS(insurance[bmi],insurance[smoker],"no") -> 30.651795 | N14: male | O14: =AVERAGEIFS(insurance[bmi],insurance[sex],'Langkah #1'!N14) -> 30.943129
B15: male | C15: =1-C14 -> 0.50523169
K16: 3 | L16: avg umur
L17: perokok | M17: =AVERAGEIFS(insurance[age],insurance[smoker],"yes") -> 38.514599 | N17: female | O17: =AVERAGEIFS(insurance[age],insurance[sex],$N17) -> 39.503021
L18: non perokok | M18: =AVERAGEIFS(insurance[age],insurance[smoker],"no") -> 39.385338 | N18: male | O18: =AVERAGEIFS(insurance[age],insurance[sex],$N18) -> 38.91716

Sheet Langkah #2 (2)
I2: Langkah #2 - Analisa Variabel Kontinu | AM2: Nilai rata-rata tagihan per-wilayah (charges) | AP2: dalam $
B3: 1 | C3: Gender mana yang memiliki tagihan paling tinggi? | AE3: distribusi peluang tagihan per-region | AM3: northwest | AN3: northeast | AO3: southwest | AP3: southeast
B4: 2 | C4: Distribusi peluang tagihan di tiap-tiap region | I4: Item | J4: Northeast | K4: Northwest | L4: Southeast | M4: Southwest | N4: Total | AE4: class | AF4: bin | AG4: northwest | AH4: northeast | AI4: southwest | AJ4: southeast | AM4: =AVERAGEIFS(insurance[charges],insurance[region],'Langkah #2 (2)'!AM3) -> 12417.575 | AN4: =AVERAGEIFS(insurance[charges],insurance[region],'Langkah #2 (2)'!AN3) -> 13406.385 | AO4: =AVERAGEIFS(insurance[charges],insurance[region],'Langkah #2 (2)'!AO3) -> 12346.937 | AP4: =AVERAGEIFS(insurance[charges],insurance[region],'Langkah #2 (2)'!AP3) -> 14735.411
B5: 3 | C5: Apakah setiap region memiliki proporsi data banyak orang yang sama? | I5: Peluang pengguna | J5: =COUNTIFS(insurance[region],'Langkah #2 (2)'!J$4)/COUNT(insurance[age]) -> 0.24215247 | K5: =COUNTIFS(insurance[region],'Langkah #2 (2)'!K$4)/COUNT(insurance[age]) -> 0.24289985 | L5: =COUNTIFS(insurance[region],'Langkah #2 (2)'!L$4)/COUNT(insurance[age]) -> 0.27204783 | M5: =COUNTIFS(insurance[region],'Langkah #2 (2)'!M$4)/COUNT(insurance[age]) -> 0.24289985 | N5: =SUM(J5:M5) -> 1 | AE5: 1 | AF5: =VLOOKUP(AE5,kelas_charges[[kelas]:[desc]],4,0) -> 1121 s.d 6817 | AG5: =L24 -> #DIV/0! | AH5: =L38 -> #DIV/0! | AI5: =L52 -> #DIV/0! | AJ5: =L66 -> #DIV/0! | AM5: =AM4/10^3 -> 12.417575 | AN5: =AN4/10^3 -> 13.406385 | AO5: =AO4/10^3 -> 12.346937 | AP5: =AP4/10^3 -> 14.735411
B6: 4 | C6: Mana yang lebih tinggi proporsi perokok atau non perokok? | I6: Peluang pengguna perokok dan non perokok | AE6: 2 | AF6: =VLOOKUP(AE6,kelas_charges[[kelas]:[desc]],4,0) -> 6817 s.d 12512 | AG6: =L25 -> #DIV/0! | AH6: =L39 -> #DIV/0! | AI6: =L53 -> #DIV/0! | AJ6: =L67 -> #DIV/0! | AL6: =SUM(AG5:AG6) -> #DIV/0! | AM6: =SUM(AH5:AH6) -> #DIV/0! | AN6: =SUM(AI5:AI6) -> #DIV/0! | AO6: =SUM(AJ5:AJ6) -> #DIV/0!
C7: - perokok | I7: perokok | J7: =COUNTIFS(insurance[smoker],"yes",insurance[region],'Langkah #2 (2)'!J$4)/COUNTIFS(insurance[region],'Langkah #2 (2)'!J$4) -> 0.20679012 | K7: =COUNTIFS(insurance[smoker],"yes",insurance[region],'Langkah #2 (2)'!K$4)/COUNTIFS(insurance[region],'Langkah #2 (2)'!K$4) -> 0.17846154 | L7: =COUNTIFS(insurance[smoker],"yes",insurance[region],'Langkah #2 (2)'!L$4)/COUNTIFS(insurance[region],'Langkah #2 (2)'!L$4) -> 0.25 | M7: =COUNTIFS(insurance[smoker],"yes",insurance[region],'Langkah #2 (2)'!M$4)/COUNTIFS(insurance[region],'Langkah #2 (2)'!M$4) -> 0.17846154 | N7: =COUNTIFS(insurance[smoker],"yes")/COUNT(insurance[age]) -> 0.20478326 | AE7: 3 | AF7: =VLOOKUP(AE7,kelas_charges[[kelas]:[desc]],4,0) -> 12512 s.d 18207 | AG7: =L26 -> #DIV/0! | AH7: =L40 -> #DIV/0! | AI7: =L54 -> #DIV/0! | AJ7: =L68 -> #DIV/0! | AL7: =1-AL6 -> #DIV/0! | AM7: =1-AM6 -> #DIV/0! | AN7: =1-AN6 -> #DIV/0! | AO7: =1-AO6 -> #DIV/0!
C8: - non perokok | I8: non perokok | J8: =1-J7 -> 0.79320988 | K8: =1-K7 -> 0.82153846 | L8: =1-L7 -> 0.75 | M8: =1-M7 -> 0.82153846 | N8: =1-N7 -> 0.79521674 | AE8: 4 | AF8: =VLOOKUP(AE8,kelas_charges[[kelas]:[desc]],4,0) -> 18207 s.d 23903 | AG8: =L27 -> #DIV/0! | AH8: =L41 -> #DIV/0! | AI8: =L55 -> #DIV/0! | AJ8: =L69 -> #DIV/0!
B9: 5 | C9: Berapa peluang seseorang tersebut adalah perempuan diketahui dia adalah perokok? | I9: Peluang perempuan/laki-laki adalah perokok | AE9: 5 | AF9: =VLOOKUP(AE9,kelas_charges[[kelas]:[desc]],4,0) -> 23903 s.d 29598 | AG9: =L28 -> #DIV/0! | AH9: =L42 -> #DIV/0! | AI9: =L56 -> #DIV/0! | AJ9: =L70 -> #DIV/0!
B10: 6 | C10: Berapa peluang seseorang tersebut adalah laki-laki diketahui dia adalah perokok? | I10: perempuan ∩ perokok | J10: =COUNTIFS(insurance[smoker],"yes",insurance[region],'Langkah #2 (2)'!J$4,insurance[sex],"female")/COUNTIFS(insurance[region],'Langkah #2 (2)'!J$4) -> 0.089506173 | K10: =COUNTIFS(insurance[smoker],"yes",insurance[region],'Langkah #2 (2)'!K$4,insurance[sex],"female")/COUNTIFS(insurance[region],'Langkah #2 (2)'!K$4) -> 0.089230769 | L10: =COUNTIFS(insurance[smoker],"yes",insurance[region],'Langkah #2 (2)'!L$4,insurance[sex],"female")/COUNTIFS(insurance[region],'Langkah #2 (2)'!L$4) -> 0.098901099 | M10: =COUNTIFS(insurance[smoker],"yes",insurance[region],'Langkah #2 (2)'!M$4,insurance[sex],"female")/COUNTIFS(insurance[region],'Langkah #2 (2)'!M$4) -> 0.064615385 | N10: =COUNTIFS(insurance[smoker],"yes",insurance[sex],"female")/COUNT(insurance[age]) -> 0.085949178 | AE10: 6 | AF10: =VLOOKUP(AE10,kelas_charges[[kelas]:[desc]],4,0) -> 29598 s.d 35293 | AG10: =L29 -> #DIV/0! | AH10: =L43 -> #DIV/0! | AI10: =L57 -> #DIV/0! | AJ10: =L71 -> #DIV/0!
B11: 7 | C11: Bagaimana bentuk distribusi peluang besar tagihan dari tiap-tiap region? | I11: laki-laki ∩ perokok | J11: =COUNTIFS(insurance[smoker],"yes",insurance[region],'Langkah #2 (2)'!J$4,insurance[sex],"male")/COUNTIFS(insurance[region],'Langkah #2 (2)'!J$4) -> 0.11728395 | K11: =COUNTIFS(insurance[smoker],"yes",insurance[region],'Langkah #2 (2)'!K$4,insurance[sex],"male")/COUNTIFS(insurance[region],'Langkah #2 (2)'!K$4) -> 0.089230769 | L11: =COUNTIFS(insurance[smoker],"yes",insurance[region],'Langkah #2 (2)'!L$4,insurance[sex],"male")/COUNTIFS(insurance[region],'Langkah #2 (2)'!L$4) -> 0.1510989 | M11: =COUNTIFS(insurance[smoker],"yes",insurance[region],'Langkah #2 (2)'!M$4,insurance[sex],"male")/COUNTIFS(insurance[region],'Langkah #2 (2)'!M$4) -> 0.11384615 | N11: =COUNTIFS(insurance[smoker],"yes",insurance[sex],"male")/COUNT(insurance[age]) -> 0.11883408 | AE11: 7 | AF11: =VLOOKUP(AE11,kelas_charges[[kelas]:[desc]],4,0) -> 35293 s.d 40989 | AG11: =L30 -> #DIV/0! | AH11: =L44 -> #DIV/0! | AI11: =L58 -> #DIV/0! | AJ11: =L72 -> #DIV/0!
C12: - Kurtosis | I12: Peluang perempuan/laki-laki jika diketahui perokok | AE12: 8 | AF12: =VLOOKUP(AE12,kelas_charges[[kelas]:[desc]],4,0) -> 40989 s.d 46684 | AG12: =L31 -> #DIV/0! | AH12: =L45 -> #DIV/0! | AI12: =L59 -> #DIV/0! | AJ12: =L73 -> #DIV/0!
C13: - Skewness | I13: p (perempuan|perokok) | J13: =J10/J$7 -> 0.43283582 | K13: =K10/K$7 -> 0.5 | L13: =L10/L$7 -> 0.3956044 | M13: =M10/M$7 -> 0.36206897 | N13: =N10/N$7 -> 0.41970803 | AE13: 9 | AF13: =VLOOKUP(AE13,kelas_charges[[kelas]:[desc]],4,0) -> 46684 s.d 52379 | AG13: =L32 -> #DIV/0! | AH13: =L46 -> #DIV/0! | AI13: =L60 -> #DIV/0! | AJ13: =L74 -> #DIV/0!
I14: p (laki-laki|perokok) | J14: =J11/J$7 -> 0.56716418 | K14: =K11/K$7 -> 0.5 | L14: =L11/L$7 -> 0.6043956 | M14: =M11/M$7 -> 0.63793103 | N14: =N11/N$7 -> 0.58029197 | AE14: 10 | AF14: =VLOOKUP(AE14,kelas_charges[[kelas]:[desc]],4,0) -> 52379 s.d 58075 | AG14: =L33 -> #DIV/0! | AH14: =L47 -> #DIV/0! | AI14: =L61 -> #DIV/0! | AJ14: =L75 -> #DIV/0!
AE15: 11 | AF15: =VLOOKUP(AE15,kelas_charges[[kelas]:[desc]],4,0) -> 58075 s.d 63771 | AG15: =L34 -> #DIV/0! | AH15: =L48 -> #DIV/0! | AI15: =L62 -> #DIV/0! | AJ15: =L76 -> #DIV/0!
AE17: Class
AE18: Mean | AG18: =AVERAGEIFS(insurance[charges_class],insurance[region],'Langkah #2 (2)'!AG$4) -> 2.4923077 | AH18: =AVERAGEIFS(insurance[charges_class],insurance[region],'Langkah #2 (2)'!AH$4) -> 2.6944444 | AI18: =AVERAGEIFS(insurance[charges_class],insurance[region],'Langkah #2 (2)'!AI$4) -> 2.5138462 | AJ18: =AVERAGEIFS(insurance[charges_class],insurance[region],'Langkah #2 (2)'!AJ$4) -> 2.9505495
AE19: Modus | AG19: =J24 -> 1 | AH19: =AG19 -> 1 | AI19: =AH19 -> 1 | AJ19: =AI19 -> 1
AE20: Median
AE21: Skew | AG21: =SKEW(AG5:AG15) -> #DIV/0! | AH21: =SKEW(AH5:AH15) -> #DIV/0! | AI21: =SKEW(AI5:AI15) -> #DIV/0! | AJ21: =SKEW(AJ5:AJ15) -> #DIV/0!
I22: northwest
I23: desc | J23: class | K23: freq | L23: peluang
D24: =COUNTIFS(insurance[region],"northwest") -> 325 | I24: 1121 s.d 6817 | J24: 1 | K24: =COUNTIFS(insurance[charges_class],Table912411[[#This Row],[class]],insurance[region],'Langkah #2'!$I$22) -> 0 | L24: =Table912411[[#This Row],[freq]]/SUM(Table912411[freq]) -> #DIV/0!
I25: 6817 s.d 12512 | J25: 2 | K25: =COUNTIFS(insurance[charges_class],Table912411[[#This Row],[class]],insurance[region],'Langkah #2'!$I$22) -> 0 | L25: =Table912411[[#This Row],[freq]]/SUM(Table912411[freq]) -> #DIV/0!
I26: 12512 s.d 18207 | J26: 3 | K26: =COUNTIFS(insurance[charges_class],Table912411[[#This Row],[class]],insurance[region],'Langkah #2'!$I$22) -> 0 | L26: =Table912411[[#This Row],[freq]]/SUM(Table912411[freq]) -> #DIV/0!
I27: 18207 s.d 23903 | J27: 4 | K27: =COUNTIFS(insurance[charges_class],Table912411[[#This Row],[class]],insurance[region],'Langkah #2'!$I$22) -> 0 | L27: =Table912411[[#This Row],[freq]]/SUM(Table912411[freq]) -> #DIV/0!
I28: 23903 s.d 29598 | J28: 5 | K28: =COUNTIFS(insurance[charges_class],Table912411[[#This Row],[class]],insurance[region],'Langkah #2'!$I$22) -> 0 | L28: =Table912411[[#This Row],[freq]]/SUM(Table912411[freq]) -> #DIV/0!
I29: 29598 s.d 35293 | J29: 6 | K29: =COUNTIFS(insurance[charges_class],Table912411[[#This Row],[class]],insurance[region],'Langkah #2'!$I$22) -> 0 | L29: =Table912411[[#This Row],[freq]]/SUM(Table912411[freq]) -> #DIV/0!
I30: 35293 s.d 40989 | J30: 7 | K30: =COUNTIFS(insurance[charges_class],Table912411[[#This Row],[class]],insurance[region],'Langkah #2'!$I$22) -> 0 | L30: =Table912411[[#This Row],[freq]]/SUM(Table912411[freq]) -> #DIV/0!
I31: 40989 s.d 46684 | J31: 8 | K31: =COUNTIFS(insurance[charges_class],Table912411[[#This Row],[class]],insurance[region],'Langkah #2'!$I$22) -> 0 | L31: =Table912411[[#This Row],[freq]]/SUM(Table912411[freq]) -> #DIV/0!
I32: 46684 s.d 52379 | J32: 9 | K32: =COUNTIFS(insurance[charges_class],Table912411[[#This Row],[class]],insurance[region],'Langkah #2'!$I$22) -> 0 | L32: =Table912411[[#This Row],[freq]]/SUM(Table912411[freq]) -> #DIV/0!
I33: 52379 s.d 58075 | J33: 10 | K33: =COUNTIFS(insurance[charges_class],Table912411[[#This Row],[class]],insurance[region],'Langkah #2'!$I$22) -> 0 | L33: =Table912411[[#This Row],[freq]]/SUM(Table912411[freq]) -> #DIV/0!
I34: 58075 s.d 63771 | J34: 11 | K34: =COUNTIFS(insurance[charges_class],Table912411[[#This Row],[class]],insurance[region],'Langkah #2'!$I$22) -> 0 | L34: =Table912411[[#This Row],[freq]]/SUM(Table912411[freq]) -> #DIV/0!
I36: northeast
I37: desc | J37: class | K37: freq | L37: peluang
I38: 1121 s.d 6817 | J38: 1 | K38: =COUNTIFS(insurance[charges_class],Table9124512[[#This Row],[class]],insurance[region],'Langkah #2'!$I$36) -> 0 | L38: =Table9124512[[#This Row],[freq]]/SUM(Table9124512[freq]) -> #DIV/0!
I39: 6817 s.d 12512 | J39: 2 | K39: =COUNTIFS(insurance[charges_class],Table9124512[[#This Row],[class]],insurance[region],'Langkah #2'!$I$36) -> 0 | L39: =Table9124512[[#This Row],[freq]]/SUM(Table9124512[freq]) -> #DIV/0!
I40: 12512 s.d 18207 | J40: 3 | K40: =COUNTIFS(insurance[charges_class],Table9124512[[#This Row],[class]],insurance[region],'Langkah #2'!$I$36) -> 0 | L40: =Table9124512[[#This Row],[freq]]/SUM(Table9124512[freq]) -> #DIV/0!
I41: 18207 s.d 23903 | J41: 4 | K41: =COUNTIFS(insurance[charges_class],Table9124512[[#This Row],[class]],insurance[region],'Langkah #2'!$I$36) -> 0 | L41: =Table9124512[[#This Row],[freq]]/SUM(Table9124512[freq]) -> #DIV/0!
I42: 23903 s.d 29598 | J42: 5 | K42: =COUNTIFS(insurance[charges_class],Table9124512[[#This Row],[class]],insurance[region],'Langkah #2'!$I$36) -> 0 | L42: =Table9124512[[#This Row],[freq]]/SUM(Table9124512[freq]) -> #DIV/0!
I43: 29598 s.d 35293 | J43: 6 | K43: =COUNTIFS(insurance[charges_class],Table9124512[[#This Row],[class]],insurance[region],'Langkah #2'!$I$36) -> 0 | L43: =Table9124512[[#This Row],[freq]]/SUM(Table9124512[freq]) -> #DIV/0!
I44: 35293 s.d 40989 | J44: 7 | K44: =COUNTIFS(insurance[charges_class],Table9124512[[#This Row],[class]],insurance[region],'Langkah #2'!$I$36) -> 0 | L44: =Table9124512[[#This Row],[freq]]/SUM(Table9124512[freq]) -> #DIV/0!
I45: 40989 s.d 46684 | J45: 8 | K45: =COUNTIFS(insurance[charges_class],Table9124512[[#This Row],[class]],insurance[region],'Langkah #2'!$I$36) -> 0 | L45: =Table9124512[[#This Row],[freq]]/SUM(Table9124512[freq]) -> #DIV/0!
I46: 46684 s.d 52379 | J46: 9 | K46: =COUNTIFS(insurance[charges_class],Table9124512[[#This Row],[class]],insurance[region],'Langkah #2'!$I$36) -> 0 | L46: =Table9124512[[#This Row],[freq]]/SUM(Table9124512[freq]) -> #DIV/0!
I47: 52379 s.d 58075 | J47: 10 | K47: =COUNTIFS(insurance[charges_class],Table9124512[[#This Row],[class]],insurance[region],'Langkah #2'!$I$36) -> 0 | L47: =Table9124512[[#This Row],[freq]]/SUM(Table9124512[freq]) -> #DIV/0!
I48: 58075 s.d 63771 | J48: 11 | K48: =COUNTIFS(insurance[charges_class],Table9124512[[#This Row],[class]],insurance[region],'Langkah #2'!$I$36) -> 0 | L48: =Table9124512[[#This Row],[freq]]/SUM(Table9124512[freq]) -> #DIV/0!
I50: southwest
I51: desc | J51: class | K51: freq | L51: peluang
I52: 1121 s.d 6817 | J52: 1 | K52: =COUNTIFS(insurance[charges_class],Table91245613[[#This Row],[class]],insurance[region],'Langkah #2'!$I$50) -> 0 | L52: =Table91245613[[#This Row],[freq]]/SUM(Table91245613[freq]) -> #DIV/0!
I53: 6817 s.d 12512 | J53: 2 | K53: =COUNTIFS(insurance[charges_class],Table91245613[[#This Row],[class]],insurance[region],'Langkah #2'!$I$50) -> 0 | L53: =Table91245613[[#This Row],[freq]]/SUM(Table91245613[freq]) -> #DIV/0!
I54: 12512 s.d 18207 | J54: 3 | K54: =COUNTIFS(insurance[charges_class],Table91245613[[#This Row],[class]],insurance[region],'Langkah #2'!$I$50) -> 0 | L54: =Table91245613[[#This Row],[freq]]/SUM(Table91245613[freq]) -> #DIV/0!
I55: 18207 s.d 23903 | J55: 4 | K55: =COUNTIFS(insurance[charges_class],Table91245613[[#This Row],[class]],insurance[region],'Langkah #2'!$I$50) -> 0 | L55: =Table91245613[[#This Row],[freq]]/SUM(Table91245613[freq]) -> #DIV/0!
I56: 23903 s.d 29598 | J56: 5 | K56: =COUNTIFS(insurance[charges_class],Table91245613[[#This Row],[class]],insurance[region],'Langkah #2'!$I$50) -> 0 | L56: =Table91245613[[#This Row],[freq]]/SUM(Table91245613[freq]) -> #DIV/0!
I57: 29598 s.d 35293 | J57: 6 | K57: =COUNTIFS(insurance[charges_class],Table91245613[[#This Row],[class]],insurance[region],'Langkah #2'!$I$50) -> 0 | L57: =Table91245613[[#This Row],[freq]]/SUM(Table91245613[freq]) -> #DIV/0!
I58: 35293 s.d 40989 | J58: 7 | K58: =COUNTIFS(insurance[charges_class],Table91245613[[#This Row],[class]],insurance[region],'Langkah #2'!$I$50) -> 0 | L58: =Table91245613[[#This Row],[freq]]/SUM(Table91245613[freq]) -> #DIV/0!
I59: 40989 s.d 46684 | J59: 8 | K59: =COUNTIFS(insurance[charges_class],Table91245613[[#This Row],[class]],insurance[region],'Langkah #2'!$I$50) -> 0 | L59: =Table91245613[[#This Row],[freq]]/SUM(Table91245613[freq]) -> #DIV/0!
I60: 46684 s.d 52379 | J60: 9 | K60: =COUNTIFS(insurance[charges_class],Table91245613[[#This Row],[class]],insurance[region],'Langkah #2'!$I$50) -> 0 | L60: =Table91245613[[#This Row],[freq]]/SUM(Table91245613[freq]) -> #DIV/0!
I61: 52379 s.d 58075 | J61: 10 | K61: =COUNTIFS(insurance[charges_class],Table91245613[[#This Row],[class]],insurance[region],'Langkah #2'!$I$50) -> 0 | L61: =Table91245613[[#This Row],[freq]]/SUM(Table91245613[freq]) -> #DIV/0!
I62: 58075 s.d 63771 | J62: 11 | K62: =COUNTIFS(insurance[charges_class],Table91245613[[#This Row],[class]],insurance[region],'Langkah #2'!$I$50) -> 0 | L62: =Table91245613[[#This Row],[freq]]/SUM(Table91245613[freq]) -> #DIV/0!
I64: southeast
I65: desc | J65: class | K65: freq | L65: peluang
I66: 1121 s.d 6817 | J66: 1 | K66: =COUNTIFS(insurance[charges_class],Table912456814[[#This Row],[class]],insurance[region],'Langkah #2'!$I$64) -> 0 | L66: =Table912456814[[#This Row],[freq]]/SUM(Table912456814[freq]) -> #DIV/0!
I67: 6817 s.d 12512 | J67: 2 | K67: =COUNTIFS(insurance[charges_class],Table912456814[[#This Row],[class]],insurance[region],'Langkah #2'!$I$64) -> 0 | L67: =Table912456814[[#This Row],[freq]]/SUM(Table912456814[freq]) -> #DIV/0!
I68: 12512 s.d 18207 | J68: 3 | K68: =COUNTIFS(insurance[charges_class],Table912456814[[#This Row],[class]],insurance[region],'Langkah #2'!$I$64) -> 0 | L68: =Table912456814[[#This Row],[freq]]/SUM(Table912456814[freq]) -> #DIV/0!
I69: 18207 s.d 23903 | J69: 4 | K69: =COUNTIFS(insurance[charges_class],Table912456814[[#This Row],[class]],insurance[region],'Langkah #2'!$I$64) -> 0 | L69: =Table912456814[[#This Row],[freq]]/SUM(Table912456814[freq]) -> #DIV/0!
I70: 23903 s.d 29598 | J70: 5 | K70: =COUNTIFS(insurance[charges_class],Table912456814[[#This Row],[class]],insurance[region],'Langkah #2'!$I$64) -> 0 | L70: =Table912456814[[#This Row],[freq]]/SUM(Table912456814[freq]) -> #DIV/0!
I71: 29598 s.d 35293 | J71: 6 | K71: =COUNTIFS(insurance[charges_class],Table912456814[[#This Row],[class]],insurance[region],'Langkah #2'!$I$64) -> 0 | L71: =Table912456814[[#This Row],[freq]]/SUM(Table912456814[freq]) -> #DIV/0!
I72: 35293 s.d 40989 | J72: 7 | K72: =COUNTIFS(insurance[charges_class],Table912456814[[#This Row],[class]],insurance[region],'Langkah #2'!$I$64) -> 0 | L72: =Table912456814[[#This Row],[freq]]/SUM(Table912456814[freq]) -> #DIV/0!
I73: 40989 s.d 46684 | J73: 8 | K73: =COUNTIFS(insurance[charges_class],Table912456814[[#This Row],[class]],insurance[region],'Langkah #2'!$I$64) -> 0 | L73: =Table912456814[[#This Row],[freq]]/SUM(Table912456814[freq]) -> #DIV/0!
I74: 46684 s.d 52379 | J74: 9 | K74: =COUNTIFS(insurance[charges_class],Table912456814[[#This Row],[class]],insurance[region],'Langkah #2'!$I$64) -> 0 | L74: =Table912456814[[#This Row],[freq]]/SUM(Table912456814[freq]) -> #DIV/0!
I75: 52379 s.d 58075 | J75: 10 | K75: =COUNTIFS(insurance[charges_class],Table912456814[[#This Row],[class]],insurance[region],'Langkah #2'!$I$64) -> 0 | L75: =Table912456814[[#This Row],[freq]]/SUM(Table912456814[freq]) -> #DIV/0!
I76: 58075 s.d 63771 | J76: 11 | K76: =COUNTIFS(insurance[charges_class],Table912456814[[#This Row],[class]],insurance[region],'Langkah #2'!$I$64) -> 0 | L76: =Table912456814[[#This Row],[freq]]/SUM(Table912456814[freq]) -> #DIV/0!

Sheet Langkah #2
J5: Langkah #2 - Analisa Variabel Kontinu | AV5: Nilai rata-rata tagihan per-wilayah (charges) | AY5: dalam $
B6: 1 | C6: Gender mana yang memiliki tagihan paling tinggi? | AN6: distribusi peluang tagihan per-region | AV6: northwest | AW6: northeast | AX6: southwest | AY6: southeast | BB6: southwest | BC6: southeast | BD6: northwest | BE6: northeast | BH6: southwest | BI6: southeast | BJ6: northwest | BK6: northeast
B7: 2 | C7: Distribusi peluang tagihan di tiap-tiap region | J7: Item | K7: Northeast | L7: Northwest | M7: Southeast | N7: Southwest | AN7: class | AO7: bin | AP7: northwest | AQ7: northeast | AR7: southwest | AS7: southeast | AV7: =AVERAGEIFS(insurance[charges],insurance[region],'Langkah #2'!AV6) -> 12417.575 | AW7: =AVERAGEIFS(insurance[charges],insurance[region],'Langkah #2'!AW6) -> 13406.385 | AX7: =AVERAGEIFS(insurance[charges],insurance[region],'Langkah #2'!AX6) -> 12346.937 | AY7: =AVERAGEIFS(insurance[charges],insurance[region],'Langkah #2'!AY6) -> 14735.411 | BB7: 16884.924 | BC7: 1725.5523 | BD7: 21984.471 | BE7: 6406.4107 | BH7: 3 | BI7: 1 | BJ7: 4 | BK7: 1
B8: 3 | C8: Apakah setiap region memiliki proporsi data banyak orang yang sama? | J8: Proporsi pengguna | K8: =COUNTIFS(insurance[region],'Langkah #2'!K$7)/COUNT(insurance[age]) -> 0.24215247 | L8: =COUNTIFS(insurance[region],'Langkah #2'!L$7)/COUNT(insurance[age]) -> 0.24289985 | M8: =COUNTIFS(insurance[region],'Langkah #2'!M$7)/COUNT(insurance[age]) -> 0.27204783 | N8: =COUNTIFS(insurance[region],'Langkah #2'!N$7)/COUNT(insurance[age]) -> 0.24289985 | P8: =M8-N8 -> 0.029147982 | AN8: 1 | AO8: =VLOOKUP(AN8,kelas_charges[[kelas]:[desc]],4,0) -> 1121 s.d 6817 | AP8: =M27 -> 0.38461538 | AQ8: =M41 -> 0.32098765 | AR8: =M55 -> 0.37846154 | AS8: =M69 -> 0.38461538 | AV8: =AV7/10^3 -> 12.417575 | AW8: =AW7/10^3 -> 13.406385 | AX8: =AX7/10^3 -> 12.346937 | AY8: =AY7/10^3 -> 14.735411 | BB8: 1826.843 | BC8: 4449.462 | BD8: 3866.8552 | BE8: 2721.3208 | BH8: 1 | BI8: 1 | BJ8: 1 | BK8: 1
B9: 4 | C9: Mana yang lebih tinggi proporsi perokok atau non perokok? | AN9: 2 | AO9: =VLOOKUP(AN9,kelas_charges[[kelas]:[desc]],4,0) -> 6817 s.d 12512 | AP9: =M28 -> 0.29846154 | AQ9: =M42 -> 0.29320988 | AR9: =M56 -> 0.32923077 | AS9: =M70 -> 0.23076923 | AU9: =SUM(AP8:AP9) -> 0.68307692 | AV9: =SUM(AQ8:AQ9) -> 0.61419753 | AW9: =SUM(AR8:AR9) -> 0.70769231 | AX9: =SUM(AS8:AS9) -> 0.61538462 | BB9: 1837.237 | BC9: 3756.6216 | BD9: 7281.5056 | BE9: 10797.336 | BH9: 1 | BI9: 1 | BJ9: 2 | BK9: 2
C10: - perokok | AN10: 3 | AO10: =VLOOKUP(AN10,kelas_charges[[kelas]:[desc]],4,0) -> 12512 s.d 18207 | AP10: =M29 -> 0.11076923 | AQ10: =M43 -> 0.15432099 | AR10: =M57 -> 0.098461538 | AS10: =M71 -> 0.093406593 | AU10: =1-AU9 -> 0.31692308 | AV10: =1-AV9 -> 0.38580247 | AW10: =1-AW9 -> 0.29230769 | AX10: =1-AX9 -> 0.38461538 | BB10: 10602.385 | BC10: 8240.5896 | BD10: 28923.137 | BE10: 2395.1716 | BH10: 2 | BI10: 2 | BJ10: 5 | BK10: 1 | CE10: southwest | CF10: southeast | CG10: northwest | CH10: northeast | CL10: southwest | CM10: southeast | CN10: northwest | CO10: northeast
C11: - non perokok | J11: Peluang pengguna perokok dan non perokok | AJ11: 4 | AK11: =VLOOKUP(AJ11,kelas_charges[[kelas]:[desc]],4,0) -> 18207 s.d 23903 | AL11: =M30 -> 0.061538462 | AM11: =M44 -> 0.080246914 | AN11: =M58 -> 0.058461538 | AO11: =M72 -> 0.076923077 | AX11: 36837.467 | AY11: 27808.725 | AZ11: 6203.9017 | BA11: 13228.847 | BD11: 7 | BE11: 5 | BF11: 1 | BG11: 3 | BZ11: avg | CA11: =AVERAGE(BH7:BH331) -> 2.4398734 | CB11: =AVERAGE(BI7:BI370) -> 2.9577465 | CC11: =AVERAGE(BJ7:BJ331) -> 2.5158228 | CD11: =AVERAGE(BK7:BK330) -> 2.6920635 | CG11: avg | CH11: =AVERAGE(BB7:BB331) -> 11931.907 | CI11: =AVERAGE(BC7:BC370) -> 14760.21 | CJ11: =AVERAGE(BD7:BD331) -> 12210.173 | CK11: =AVERAGE(BE7:BE330) -> 13029.652
B12: 5 | C12: Berapa peluang seseorang tersebut adalah perempuan diketahui dia adalah perokok? | J12: perokok | K12: =COUNTIFS(insurance[smoker],"yes")/COUNT(insurance[age]) -> 0.20478326 | AJ12: 5 | AK12: =VLOOKUP(AJ12,kelas_charges[[kelas]:[desc]],4,0) -> 23903 s.d 29598 | AL12: =M31 -> 0.055384615 | AM12: =M45 -> 0.043209877 | AN12: =M59 -> 0.021538462 | AO12: =M73 -> 0.046703297 | AX12: 4149.736 | AY12: 11090.718 | AZ12: 12268.632 | BA12: 37701.877 | BD12: 1 | BE12: 2 | BF12: 2 | BG12: 7 | BZ12: med | CA12: =MEDIAN(BH7:BH331) -> 2 | CB12: =MEDIAN(BI7:BI370) -> 2 | CC12: =MEDIAN(BJ7:BJ331) -> 2 | CD12: =MEDIAN(BK7:BK330) -> 2 | CG12: med | CH12: =MEDIAN(BB7:BB331) -> 8742.9625 | CI12: =MEDIAN(BC7:BC370) -> 9283.562 | CJ12: =MEDIAN(BD7:BD331) -> 8827.2099 | CK12: =MEDIAN(BE7:BE330) -> 9870.9926
B13: 6 | C13: Berapa peluang seseorang tersebut adalah laki-laki diketahui dia adalah perokok? | J13: non perokok | K13: =1-K12 -> 0.79521674 | AJ13: 6 | AK13: =VLOOKUP(AJ13,kelas_charges[[kelas]:[desc]],4,0) -> 29598 s.d 35293 | AL13: =M32 -> 0.027692308 | AM13: =M46 -> 0.030864198 | AN13: =M60 -> 0.021538462 | AO13: =M74 -> 0.016483516 | AX13: 38711 | AY13: 39611.758 | AZ13: 2775.1921 | BA13: 14451.835 | BD13: 7 | BE13: 7 | BF13: 1 | BG13: 3 | BZ13: skew | CA13: =AP24 -> -1.0241644 | CB13: =AQ24 -> -1.5453925 | CC13: =AR24 -> -1.5231147 | CD13: =AS24 -> 0.16947929 | CG13: skew | CH13: =SKEW(BB7:BB331) -> 1.7519426 | CI13: =SKEW(BC7:BC370) -> 1.2501237 | CJ13: =SKEW(BD7:BD331) -> 1.6503626 | CK13: =SKEW(BE7:BE330) -> 1.4992769
B14: 7 | C14: Bagaimana bentuk distribusi peluang besar tagihan dari tiap-tiap region? | J14: Peluang perempuan/laki-laki adalah perokok | AJ14: 7 | AK14: =VLOOKUP(AJ14,kelas_charges[[kelas]:[desc]],4,0) -> 35293 s.d 40989 | AL14: =M33 -> 0.024615385 | AM14: =M47 -> 0.033950617 | AN14: =M61 -> 0.055384615 | AO14: =M75 -> 0.065934066 | AX14: 35585.576 | AY14: 1137.011 | AZ14: 13770.098 | BA14: 2198.1899 | BD14: 7 | BE14: 1 | BF14: 3 | BG14: 1
C15: - Kurtosis | J15: perempuan ∩ perokok | K15: =COUNTIFS(insurance[smoker],"yes",insurance[sex],"female")/COUNT(insurance[age]) -> 0.085949178 | AJ15: 8 | AK15: =VLOOKUP(AJ15,kelas_charges[[kelas]:[desc]],4,0) -> 40989 s.d 46684 | AL15: =M34 -> 0.024615385 | AM15: =M48 -> 0.030864198 | AN15: =M62 -> 0.012307692 | AO15: =M76 -> 0.054945055 | AX15: 4687.797 | AY15: 14001.134 | AZ15: 1625.4337 | BA15: 39774.276 | BD15: 1 | BE15: 3 | BF15: 1 | BG15: 7
C16: - Skewness | J16: laki-laki ∩ perokok | K16: =COUNTIFS(insurance[smoker],"yes",insurance[sex],"male")/COUNT(insurance[age]) -> 0.11883408 | AJ16: 9 | AK16: =VLOOKUP(AJ16,kelas_charges[[kelas]:[desc]],4,0) -> 46684 s.d 52379 | AL16: =M35 -> 0.0061538462 | AM16: =M49 -> 0.0092592593 | AN16: =M63 -> 0.021538462 | AO16: =M77 -> 0.024725275 | AX16: 51194.559 | AY16: 4949.7587 | AZ16: 15612.193 | BA16: 3046.062 | BD16: 9 | BE16: 1 | BF16: 3 | BG16: 1
J17: Peluang perempuan/laki-laki jika diketahui perokok | AJ17: 10 | AK17: =VLOOKUP(AJ17,kelas_charges[[kelas]:[desc]],4,0) -> 52379 s.d 58075 | AL17: =M36 -> 0.0030769231 | AM17: =M50 -> 0 | AN17: =M64 -> 0.0030769231 | AO17: =M78 -> 0 | AX17: 2302.3 | AY17: 6272.4772 | AZ17: 3556.9223 | BA17: 6079.6715 | BD17: 1 | BE17: 1 | BF17: 1 | BG17: 1
J18: p (perempuan|perokok) | K18: =K15/K$12 -> 0.41970803 | AJ18: 11 | AK18: =VLOOKUP(AJ18,kelas_charges[[kelas]:[desc]],4,0) -> 58075 s.d 63771 | AL18: =M37 -> 0.0030769231 | AM18: =M51 -> 0.0030864198 | AN18: =M65 -> 0 | AO18: =M79 -> 0.0054945055 | AX18: 48173.361 | AY18: 6313.759 | AZ18: 3579.8287 | BA18: 3393.3564 | BD18: 9 | BE18: 1 | BF18: 1 | BG18: 1
J19: p (laki-laki|perokok) | K19: =K16/K$12 -> 0.58029197 | AX19: 20630.284 | AY19: 12629.897 | AZ19: 8059.6791 | BA19: 2211.1307 | BD19: 4 | BE19: 3 | BF19: 2 | BG19: 1
AN20: Class | BB20: 23568.272 | BC20: 38709.176 | BD20: 47496.494 | BE20: 13607.369 | BH20: 4 | BI20: 7 | BJ20: 9 | BK20: 3
AN21: Mean | AP21: =AVERAGEIFS(insurance[charges_class],insurance[region],'Langkah #2'!AP$7) -> 2.4923077 | AQ21: =AVERAGEIFS(insurance[charges_class],insurance[region],'Langkah #2'!AQ$7) -> 2.6944444 | AR21: =AVERAGEIFS(insurance[charges_class],insurance[region],'Langkah #2'!AR$7) -> 2.5138462 | AS21: =AVERAGEIFS(insurance[charges_class],insurance[region],'Langkah #2'!AS$7) -> 2.9505495 | BB21: 1743.214 | BC21: 37742.576 | BD21: 5989.5237 | BE21: 8606.2174 | BH21: 1 | BI21: 7 | BJ21: 1 | BK21: 2
AN22: Modus | AP22: =K27 -> 1 | AQ22: =AP22 -> 1 | AR22: =AQ22 -> 1 | AS22: =AR22 -> 1 | BB22: 14235.072 | BC22: 34303.167 | BD22: 30166.618 | BE22: 6799.458 | BH22: 3 | BI22: 6 | BJ22: 6 | BK22: 1
AN23: Median | BB23: 11741.726 | BC23: 23244.79 | BD23: 4133.6416 | BE23: 2755.021 | BH23: 2 | BI23: 4 | BJ23: 1 | BK23: 1
AN24: Skew | AP24: =SKEW(AP8:AP18) -> -1.0241644 | AQ24: =SKEW(AQ8:AQ18) -> -1.5453925 | AR24: =SKEW(AR8:AR18) -> -1.5231147 | AS24: =SKEW(AS8:AS18) -> 0.16947929 | BB24: 7726.854 | BC24: 4504.6624 | BD24: 14711.744 | BE24: 4441.2131 | BH24: 2 | BI24: 1 | BJ24: 3 | BK24: 1
J25: northwest | BB25: 39836.519 | BC25: 5920.1041 | BD25: 6389.3778 | BE25: 7935.2912 | BH25: 7 | BI25: 1 | BJ25: 1 | BK25: 2
J26: desc | K26: class | L26: freq | M26: peluang | BB26: 11073.176 | BC26: 17663.144 | BD26: 11356.661 | BE26: 30184.937 | BH26: 2 | BI26: 3 | BJ26: 2 | BK26: 6
J27: 1121 s.d 6817 | K27: 1 | L27: =COUNTIFS(insurance[charges_class],Table9124[[#This Row],[class]],insurance[region],'Langkah #2'!$J$25) -> 125 | M27: =Table9124[[#This Row],[freq]]/SUM(Table9124[freq]) -> 0.38461538 | BB27: 47291.055 | BC27: 16577.78 | BD27: 6571.0243 | BE27: 22412.648 | BH27: 9 | BI27: 3 | BJ27: 1 | BK27: 4
J28: 6817 s.d 12512 | K28: 2 | L28: =COUNTIFS(insurance[charges_class],Table9124[[#This Row],[class]],insurance[region],'Langkah #2'!$J$25) -> 97 | M28: =Table9124[[#This Row],[freq]]/SUM(Table9124[freq]) -> 0.29846154 | BB28: 12105.32 | BC28: 11946.626 | BD28: 11033.662 | BE28: 3645.0894 | BH28: 2 | BI28: 2 | BJ28: 2 | BK28: 1
J29: 12512 s.d 18207 | K29: 3 | L29: =COUNTIFS(insurance[charges_class],Table9124[[#This Row],[class]],insurance[region],'Langkah #2'!$J$25) -> 36 | M29: =Table9124[[#This Row],[freq]]/SUM(Table9124[freq]) -> 0.11076923 | BB29: 15820.699 | BC29: 3947.4131 | BD29: 21098.554 | BE29: 21344.847 | BH29: 3 | BI29: 1 | BJ29: 4 | BK29: 4
J30: 18207 s.d 23903 | K30: 4 | L30: =COUNTIFS(insurance[charges_class],Table9124[[#This Row],[class]],insurance[region],'Langkah #2'!$J$25) -> 20 | M30: =Table9124[[#This Row],[freq]]/SUM(Table9124[freq]) -> 0.061538462 | BB30: 6186.127 | BC30: 1532.4697 | BD30: 43578.939 | BE30: 11488.317 | BH30: 1 | BI30: 1 | BJ30: 8 | BK30: 2
J31: 23903 s.d 29598 | K31: 5 | L31: =COUNTIFS(insurance[charges_class],Table9124[[#This Row],[class]],insurance[region],'Langkah #2'!$J$25) -> 18 | M31: =Table9124[[#This Row],[freq]]/SUM(Table9124[freq]) -> 0.055384615 | BB31: 5003.853 | BC31: 37165.164 | BD31: 8026.6666 | BE31: 30259.996 | BH31: 1 | BI31: 7 | BJ31: 2 | BK31: 6
J32: 29598 s.d 35293 | K32: 6 | L32: =COUNTIFS(insurance[charges_class],Table9124[[#This Row],[class]],insurance[region],'Langkah #2'!$J$25) -> 9 | M32: =Table9124[[#This Row],[freq]]/SUM(Table9124[freq]) -> 0.027692308 | BB32: 2331.519 | BC32: 2026.9741 | BD32: 11082.577 | BE32: 1705.6245 | BH32: 1 | BI32: 1 | BJ32: 2 | BK32: 1
J33: 35293 s.d 40989 | K33: 7 | L33: =COUNTIFS(insurance[charges_class],Table9124[[#This Row],[class]],insurance[region],'Langkah #2'!$J$25) -> 8 | M33: =Table9124[[#This Row],[freq]]/SUM(Table9124[freq]) -> 0.024615385 | BB33: 11881.358 | BC33: 3766.8838 | BD33: 10942.132 | BE33: 39556.495 | BH33: 2 | BI33: 1 | BJ33: 2 | BK33: 7
J34: 40989 s.d 46684 | K34: 8 | L34: =COUNTIFS(insurance[charges_class],Table9124[[#This Row],[class]],insurance[region],'Langkah #2'!$J$25) -> 8 | M34: =Table9124[[#This Row],[freq]]/SUM(Table9124[freq]) -> 0.024615385 | BB34: 4646.759 | BC34: 10226.284 | BD34: 5729.0053 | BE34: 3385.3992 | BH34: 1 | BI34: 2 | BJ34: 1 | BK34: 1
J35: 46684 s.d 52379 | K35: 9 | L35: =COUNTIFS(insurance[charges_class],Table9124[[#This Row],[class]],insurance[region],'Langkah #2'!$J$25) -> 2 | M35: =Table9124[[#This Row],[freq]]/SUM(Table9124[freq]) -> 0.0061538462 | BB35: 7740.337 | BC35: 30942.192 | BD35: 17560.38 | BE35: 12815.445 | BH35: 2 | BI35: 6 | BJ35: 3 | BK35: 3
J36: 52379 s.d 58075 | K36: 10 | L36: =COUNTIFS(insurance[charges_class],Table9124[[#This Row],[class]],insurance[region],'Langkah #2'!$J$25) -> 1 | M36: =Table9124[[#This Row],[freq]]/SUM(Table9124[freq]) -> 0.0030769231 | BB36: 17081.08 | BC36: 2867.1196 | BD36: 3877.3043 | BE36: 13616.359 | BH36: 3 | BI36: 1 | BJ36: 1 | BK36: 3
J37: 58075 s.d 63771 | K37: 11 | L37: =COUNTIFS(insurance[charges_class],Table9124[[#This Row],[class]],insurance[region],'Langkah #2'!$J$25) -> 1 | M37: =Table9124[[#This Row],[freq]]/SUM(Table9124[freq]) -> 0.0030769231 | BB37: 9634.538 | BC37: 47055.532 | BD37: 10825.254 | BE37: 2457.2112 | BH37: 2 | BI37: 9 | BJ37: 2 | BK37: 1
BB38: 6082.405 | BC38: 11381.325 | BD38: 2404.7338 | BE38: 27375.905 | BH38: 1 | BI38: 2 | BJ38: 1 | BK38: 5
J39: northeast | BB39: 11163.568 | BC39: 19107.78 | BD39: 6686.4313 | BE39: 3490.5491 | BH39: 2 | BI39: 4 | BJ39: 1 | BK39: 1
J40: desc | K40: class | L40: freq | M40: peluang | BB40: 1261.442 | BC40: 8601.3293 | BD40: 2257.4752 | BE40: 6334.3435 | BH40: 1 | BI40: 2 | BJ40: 1 | BK40: 1
J41: 1121 s.d 6817 | K41: 1 | L41: =COUNTIFS(insurance[charges_class],Table91245[[#This Row],[class]],insurance[region],'Langkah #2'!$J$39) -> 104 | M41: =Table91245[[#This Row],[freq]]/SUM(Table91245[freq]) -> 0.32098765 | BB41: 2166.732 | BC41: 2155.6815 | BD41: 10115.009 | BE41: 19964.746 | BH41: 1 | BI41: 1 | BJ41: 2 | BK41: 4
J42: 6817 s.d 12512 | K42: 2 | L42: =COUNTIFS(insurance[charges_class],Table91245[[#This Row],[class]],insurance[region],'Langkah #2'!$J$39) -> 95 | M42: =Table91245[[#This Row],[freq]]/SUM(Table91245[freq]) -> 0.29320988 | BB42: 1842.519 | BC42: 27322.734 | BD42: 32734.186 | BE42: 7077.1894 | BH42: 1 | BI42: 5 | BJ42: 6 | BK42: 2
J43: 12512 s.d 18207 | K43: 3 | L43: =COUNTIFS(insurance[charges_class],Table91245[[#This Row],[class]],insurance[region],'Langkah #2'!$J$39) -> 50 | M43: =Table91245[[#This Row],[freq]]/SUM(Table91245[freq]) -> 0.15432099 | BB43: 10450.552 | BC43: 18972.495 | BD43: 1632.5645 | BE43: 15518.18 | BH43: 2 | BI43: 4 | BJ43: 1 | BK43: 3
J44: 18207 s.d 23903 | K44: 4 | L44: =COUNTIFS(insurance[charges_class],Table91245[[#This Row],[class]],insurance[region],'Langkah #2'!$J$39) -> 26 | M44: =Table91245[[#This Row],[freq]]/SUM(Table91245[freq]) -> 0.080246914 | BB44: 5152.134 | BC44: 5138.2567 | BD44: 2045.6852 | BE44: 10407.086 | BH44: 1 | BI44: 1 | BJ44: 1 | BK44: 2
J45: 23903 s.d 29598 | K45: 5 | L45: =COUNTIFS(insurance[charges_class],Table91245[[#This Row],[class]],insurance[region],'Langkah #2'!$J$39) -> 14 | M45: =Table91245[[#This Row],[freq]]/SUM(Table91245[freq]) -> 0.043209877 | BB45: 4830.63 | BC45: 9877.6077 | BD45: 18157.876 | BE45: 4827.905 | BH45: 1 | BI45: 2 | BJ45: 3 | BK45: 1
J46: 29598 s.d 35293 | K46: 6 | L46: =COUNTIFS(insurance[charges_class],Table91245[[#This Row],[class]],insurance[region],'Langkah #2'!$J$39) -> 10 | M46: =Table91245[[#This Row],[freq]]/SUM(Table91245[freq]) -> 0.030864198 | BB46: 8116.68 | BC46: 7789.635 | BD46: 20745.989 | BE46: 1694.7964 | BH46: 2 | BI46: 2 | BJ46: 4 | BK46: 1
J47: 35293 s.d 40989 | K47: 7 | L47: =COUNTIFS(insurance[charges_class],Table91245[[#This Row],[class]],insurance[region],'Langkah #2'!$J$39) -> 11 | M47: =Table91245[[#This Row],[freq]]/SUM(Table91245[freq]) -> 0.033950617 | BB47: 5246.047 | BC47: 21223.676 | BD47: 40720.551 | BE47: 8538.2885 | BH47: 1 | BI47: 4 | BJ47: 7 | BK47: 2
J48: 40989 s.d 46684 | K48: 8 | L48: =COUNTIFS(insurance[charges_class],Table91245[[#This Row],[class]],insurance[region],'Langkah #2'!$J$39) -> 10 | M48: =Table91245[[#This Row],[freq]]/SUM(Table91245[freq]) -> 0.030864198 | BB48: 48824.45 | BC48: 36950.257 | BD48: 10959.695 | BE48: 4005.4225 | BH48: 9 | BI48: 7 | BJ48: 2 | BK48: 1
J49: 46684 s.d 52379 | K49: 9 | L49: =COUNTIFS(insurance[charges_class],Table91245[[#This Row],[class]],insurance[region],'Langkah #2'!$J$39) -> 3 | M49: =Table91245[[#This Row],[freq]]/SUM(Table91245[freq]) -> 0.0092592593 | BB49: 10436.096 | BC49: 19749.383 | BD49: 5125.2157 | BE49: 43753.337 | BH49: 2 | BI49: 4 | BJ49: 1 | BK49: 8
J50: 52379 s.d 58075 | K50: 10 | L50: =COUNTIFS(insurance[charges_class],Table91245[[#This Row],[class]],insurance[region],'Langkah #2'!$J$39) -> 0 | M50: =Table91245[[#This Row],[freq]]/SUM(Table91245[freq]) -> 0 | BB50: 8823.279 | BC50: 36149.484 | BD50: 6948.7008 | BE50: 14901.517 | BH50: 2 | BI50: 7 | BJ50: 2 | BK50: 3
J51: 58075 s.d 63771 | K51: 11 | L51: =COUNTIFS(insurance[charges_class],Table91245[[#This Row],[class]],insurance[region],'Langkah #2'!$J$39) -> 1 | M51: =Table91245[[#This Row],[freq]]/SUM(Table91245[freq]) -> 0.0030864198 | BB51: 5325.651 | BC51: 13405.39 | BD51: 21348.706 | BE51: 4337.7352 | BH51: 1 | BI51: 3 | BJ51: 4 | BK51: 1
BB52: 6775.961 | BC52: 1631.8212 | BD52: 5028.1466 | BE52: 20984.094 | BH52: 1 | BI52: 1 | BJ52: 1 | BK52: 4
J53: southwest | BB53: 4883.866 | BC53: 7731.4271 | BD53: 6128.7975 | BE53: 6610.1097 | BH53: 1 | BI53: 2 | BJ53: 1 | BK53: 1
J54: desc | K54: class | L54: freq | M54: peluang | BB54: 5649.715 | BC54: 3981.9768 | BD54: 2719.2798 | BE54: 10564.885 | BH54: 1 | BI54: 1 | BJ54: 1 | BK54: 2
J55: 1121 s.d 6817 | K55: 1 | L55: =COUNTIFS(insurance[charges_class],Table912456[[#This Row],[class]],insurance[region],'Langkah #2'!$J$53) -> 123 | M55: =Table912456[[#This Row],[freq]]/SUM(Table912456[freq]) -> 0.37846154 | BB55: 7147.105 | BC55: 12557.605 | BD55: 2855.4376 | BE55: 7358.1757 | BH55: 2 | BI55: 3 | BJ55: 1 | BK55: 2
J56: 6817 s.d 12512 | K56: 2 | L56: =COUNTIFS(insurance[charges_class],Table912456[[#This Row],[class]],insurance[region],'Langkah #2'!$J$53) -> 107 | M56: =Table912456[[#This Row],[freq]]/SUM(Table912456[freq]) -> 0.32923077 | BB56: 13880.949 | BC56: 2137.6536 | BD56: 6455.8627 | BE56: 9225.2564 | BH56: 3 | BI56: 1 | BJ56: 1 | BK56: 2
J57: 12512 s.d 18207 | K57: 3 | L57: =COUNTIFS(insurance[charges_class],Table912456[[#This Row],[class]],insurance[region],'Langkah #2'!$J$53) -> 32 | M57: =Table912456[[#This Row],[freq]]/SUM(Table912456[freq]) -> 0.098461538 | BB57: 1980.07 | BC57: 1137.4697 | BD57: 11735.879 | BE57: 38511.628 | BH57: 1 | BI57: 1 | BJ57: 2 | BK57: 7
J58: 18207 s.d 23903 | K58: 4 | L58: =COUNTIFS(insurance[charges_class],Table912456[[#This Row],[class]],insurance[region],'Langkah #2'!$J$53) -> 19 | M58: =Table912456[[#This Row],[freq]]/SUM(Table912456[freq]) -> 0.058461538 | BB58: 8520.026 | BC58: 8516.829 | BD58: 7419.4779 | BE58: 5354.0746 | BH58: 2 | BI58: 2 | BJ58: 2 | BK58: 1
J59: 23903 s.d 29598 | K59: 5 | L59: =COUNTIFS(insurance[charges_class],Table912456[[#This Row],[class]],insurance[region],'Langkah #2'!$J$53) -> 7 | M59: =Table912456[[#This Row],[freq]]/SUM(Table912456[freq]) -> 0.021538462 | BB59: 7371.772 | BC59: 8871.1517 | BD59: 4922.9159 | BE59: 29523.166 | BH59: 2 | BI59: 2 | BJ59: 1 | BK59: 5
J60: 29598 s.d 35293 | K60: 6 | L60: =COUNTIFS(insurance[charges_class],Table912456[[#This Row],[class]],insurance[region],'Langkah #2'!$J$53) -> 7 | M60: =Table912456[[#This Row],[freq]]/SUM(Table912456[freq]) -> 0.021538462 | BB60: 5012.471 | BC60: 37133.898 | BD60: 12044.342 | BE60: 4040.5583 | BH60: 1 | BI60: 7 | BJ60: 2 | BK60: 1
J61: 35293 s.d 40989 | K61: 7 | L61: =COUNTIFS(insurance[charges_class],Table912456[[#This Row],[class]],insurance[region],'Langkah #2'!$J$53) -> 18 | M61: =Table912456[[#This Row],[freq]]/SUM(Table912456[freq]) -> 0.055384615 | BB61: 5253.524 | BC61: 11743.299 | BD61: 1639.5631 | BE61: 12829.455 | BH61: 1 | BI61: 2 | BJ61: 1 | BK61: 3
J62: 40989 s.d 46684 | K62: 8 | L62: =COUNTIFS(insurance[charges_class],Table912456[[#This Row],[class]],insurance[region],'Langkah #2'!$J$53) -> 4 | M62: =Table912456[[#This Row],[freq]]/SUM(Table912456[freq]) -> 0.012307692 | BB62: 34779.615 | BC62: 5002.7827 | BD62: 9644.2525 | BE62: 41097.162 | BH62: 6 | BI62: 1 | BJ62: 2 | BK62: 8
J63: 46684 s.d 52379 | K63: 9 | L63: =COUNTIFS(insurance[charges_class],Table912456[[#This Row],[class]],insurance[region],'Langkah #2'!$J$53) -> 7 | M63: =Table912456[[#This Row],[freq]]/SUM(Table912456[freq]) -> 0.021538462 | BB63: 1727.785 | BC63: 2483.736 | BD63: 2130.6759 | BE63: 13047.332 | BH63: 1 | BI63: 1 | BJ63: 1 | BK63: 3
J64: 52379 s.d 58075 | K64: 10 | L64: =COUNTIFS(insurance[charges_class],Table912456[[#This Row],[class]],insurance[region],'Langkah #2'!$J$53) -> 1 | M64: =Table912456[[#This Row],[freq]]/SUM(Table912456[freq]) -> 0.0030769231 | BB64: 12333.828 | BC64: 3392.9768 | BD64: 13012.209 | BE64: 24869.837 | BH64: 2 | BI64: 1 | BJ64: 3 | BK64: 5
J65: 58075 s.d 63771 | K65: 11 | L65: =COUNTIFS(insurance[charges_class],Table912456[[#This Row],[class]],insurance[region],'Langkah #2'!$J$53) -> 0 | M65: =Table912456[[#This Row],[freq]]/SUM(Table912456[freq]) -> 0 | BB65: 35160.135 | BC65: 25081.768 | BD65: 8162.7163 | BE65: 14590.632 | BH65: 6 | BI65: 5 | BJ65: 2 | BK65: 3
BB66: 7196.867 | BC66: 19515.542 | BD66: 3537.703 | BE66: 9282.4806 | BH66: 2 | BI66: 4 | BJ66: 1 | BK66: 2
J67: southeast | BB67: 1832.094 | BC67: 11987.168 | BD67: 10355.641 | BE67: 9617.6624 | BH67: 1 | BI67: 2 | BJ67: 2 | BK67: 2
J68: desc | K68: class | L68: freq | M68: peluang | BB68: 47305.305 | BC68: 2689.4954 | BD68: 7443.643 | BE68: 9715.841 | BH68: 9 | BI68: 1 | BJ68: 2 | BK68: 2
J69: 1121 s.d 6817 | K69: 1 | L69: =COUNTIFS(insurance[charges_class],Table9124568[[#This Row],[class]],insurance[region],'Langkah #2'!$J$67) -> 140 | M69: =Table9124568[[#This Row],[freq]]/SUM(Table9124568[freq]) -> 0.38461538 | BB69: 4260.744 | BC69: 24227.337 | BD69: 6710.1919 | BE69: 22331.567 | BH69: 1 | BI69: 5 | BJ69: 1 | BK69: 4
J70: 6817 s.d 12512 | K70: 2 | L70: =COUNTIFS(insurance[charges_class],Table9124568[[#This Row],[class]],insurance[region],'Langkah #2'!$J$67) -> 84 | M70: =Table9124568[[#This Row],[freq]]/SUM(Table9124568[freq]) -> 0.23076923 | BB70: 11837.16 | BC70: 14001.287 | BD70: 17352.68 | BE70: 48549.178 | BH70: 2 | BI70: 3 | BJ70: 3 | BK70: 9
J71: 12512 s.d 18207 | K71: 3 | L71: =COUNTIFS(insurance[charges_class],Table9124568[[#This Row],[class]],insurance[region],'Langkah #2'!$J$67) -> 34 | M71: =Table9124568[[#This Row],[freq]]/SUM(Table9124568[freq]) -> 0.093406593 | BB71: 7441.053 | BC71: 19444.266 | BD71: 24476.479 | BE71: 4237.1265 | BH71: 2 | BI71: 4 | BJ71: 5 | BK71: 1
J72: 18207 s.d 23903 | K72: 4 | L72: =COUNTIFS(insurance[charges_class],Table9124568[[#This Row],[class]],insurance[region],'Langkah #2'!$J$67) -> 28 | M72: =Table9124568[[#This Row],[freq]]/SUM(Table9124568[freq]) -> 0.076923077 | BB72: 42856.838 | BC72: 1615.7667 | BD72: 43921.184 | BE72: 11879.104 | BH72: 8 | BI72: 1 | BJ72: 8 | BK72: 2
J73: 23903 s.d 29598 | K73: 5 | L73: =COUNTIFS(insurance[charges_class],Table9124568[[#This Row],[class]],insurance[region],'Langkah #2'!$J$67) -> 17 | M73: =Table9124568[[#This Row],[freq]]/SUM(Table9124568[freq]) -> 0.046703297 | BB73: 2150.469 | BC73: 4463.2051 | BD73: 11520.1 | BE73: 9432.9253 | BH73: 1 | BI73: 1 | BJ73: 2 | BK73: 2
J74: 29598 s.d 35293 | K74: 6 | L74: =COUNTIFS(insurance[charges_class],Table9124568[[#This Row],[class]],insurance[region],'Langkah #2'!$J$67) -> 6 | M74: =Table9124568[[#This Row],[freq]]/SUM(Table9124568[freq]) -> 0.016483516 | BB74: 9625.92 | BC74: 7152.6714 | BD74: 33750.292 | BE74: 47896.791 | BH74: 2 | BI74: 2 | BJ74: 6 | BK74: 9
J75: 35293 s.d 40989 | K75: 7 | L75: =COUNTIFS(insurance[charges_class],Table9124568[[#This Row],[class]],insurance[region],'Langkah #2'!$J$67) -> 24 | M75: =Table9124568[[#This Row],[freq]]/SUM(Table9124568[freq]) -> 0.065934066 | BB75: 3172.018 | BC75: 12648.703 | BD75: 36219.405 | BE75: 20277.808 | BH75: 1 | BI75: 3 | BJ75: 7 | BK75: 4
J76: 40989 s.d 46684 | K76: 8 | L76: =COUNTIFS(insurance[charges_class],Table9124568[[#This Row],[class]],insurance[region],'Langkah #2'!$J$67) -> 20 | M76: =Table9124568[[#This Row],[freq]]/SUM(Table9124568[freq]) -> 0.054945055 | BB76: 3906.127 | BC76: 1986.9334 | BD76: 7265.7025 | BE76: 1704.5681 | BH76: 1 | BI76: 1 | BJ76: 2 | BK76: 1
J77: 46684 s.d 52379 | K77: 9 | L77: =COUNTIFS(insurance[charges_class],Table9124568[[#This Row],[class]],insurance[region],'Langkah #2'!$J$67) -> 9 | M77: =Table9124568[[#This Row],[freq]]/SUM(Table9124568[freq]) -> 0.024725275 | BB77: 16297.846 | BC77: 44260.75 | BD77: 2523.1695 | BE77: 6746.7425 | BH77: 3 | BI77: 8 | BJ77: 1 | BK77: 1
J78: 52379 s.d 58075 | K78: 10 | L78: =COUNTIFS(insurance[charges_class],Table9124568[[#This Row],[class]],insurance[region],'Langkah #2'!$J$67) -> 0 | M78: =Table9124568[[#This Row],[freq]]/SUM(Table9124568[freq]) -> 0 | BB78: 12646.207 | BC78: 5400.9805 | BD78: 2803.6979 | BE78: 24873.385 | BH78: 3 | BI78: 1 | BJ78: 1 | BK78: 5
J79: 58075 s.d 63771 | K79: 11 | L79: =COUNTIFS(insurance[charges_class],Table9124568[[#This Row],[class]],insurance[region],'Langkah #2'!$J$67) -> 2 | M79: =Table9124568[[#This Row],[freq]]/SUM(Table9124568[freq]) -> 0.0054945055 | BB79: 20177.671 | BC79: 17085.268 | BD79: 14256.193 | BE79: 11944.594 | BH79: 4 | BI79: 3 | BJ79: 3 | BK79: 2
BB80: 8444.474 | BC80: 20462.998 | BD80: 38746.355 | BE80: 9722.7695 | BH80: 2 | BI80: 4 | BJ80: 7 | BK80: 2
BB81: 1737.376 | BC81: 46151.124 | BD81: 9249.4952 | BE81: 10435.065 | BH81: 1 | BI81: 8 | BJ81: 2 | BK81: 2
BB82: 34838.873 | BC82: 17179.522 | BD82: 19442.354 | BE82: 4667.6076 | BH82: 6 | BI82: 3 | BJ82: 4 | BK82: 1
BB83: 35491.64 | BC83: 1719.4363 | BD83: 7749.1564 | BE83: 24671.663 | BH83: 7 | BI83: 1 | BJ83: 2 | BK83: 5
BB84: 2866.091 | BC84: 12928.791 | BD84: 8835.265 | BE84: 11566.301 | BH84: 1 | BI84: 3 | BJ84: 2 | BK84: 2
BB85: 47928.03 | BC85: 9855.1314 | BD85: 7421.1946 | BE85: 6600.2059 | BH85: 9 | BI85: 2 | BJ85: 2 | BK85: 1
BB86: 9144.565 | BC86: 7742.1098 | BD86: 4894.7533 | BE86: 48517.563 | BH86: 2 | BI86: 2 | BJ86: 1 | BK86: 9
BB87: 13822.803 | BC87: 25992.821 | BD87: 42760.502 | BE87: 11658.379 | BH87: 3 | BI87: 5 | BJ87: 8 | BK87: 2
BB88: 18955.22 | BC88: 42112.236 | BD88: 24393.622 | BE88: 19144.577 | BH88: 4 | BI88: 8 | BJ88: 5 | BK88: 4
BB89: 8932.084 | BC89: 2156.7518 | BD89: 13429.035 | BE89: 41919.097 | BH89: 2 | BI89: 1 | BJ89: 3 | BK89: 8
BB90: 3554.203 | BC90: 21978.677 | BD90: 13937.666 | BE90: 13217.094 | BH90: 1 | BI90: 4 | BJ90: 3 | BK90: 3
BB91: 24603.048 | BC91: 12265.507 | BD91: 13352.1 | BE91: 13981.85 | BH91: 5 | BI91: 2 | BJ91: 3 | BK91: 3
... BB330: 11411.685 | BC330: 10982.501 | BD330: 10600.548 | BE330: 2205.9808 | BH330: 2 | BI330: 2 | BJ330: 2 | BK330: 1
BB331: 2007.945 | BC331: 11093.623 | BD331: 29141.36 | BH331: 1 | BI331: 2 | BJ331: 5
BC332: 19350.369 | BI332: 4
BC333: 18328.238 | BI333: 4
BC334: 5699.8375 | BI334: 1
BC335: 18223.451 | BI335: 4
BC336: 23563.016 | BI336: 4
BC337: 5415.6612 | BI337: 1
BC338: 4058.1161 | BI338: 1
BC339: 6593.5083 | BI339: 1
BC340: 8442.667 | BI340: 2
BC341: 26125.675 | BI341: 5
BC342: 4795.6568 | BI342: 1
...

Sheet all
A1: age | D1: bmi | G1: charges | M1: count | N1: peluang
L2: perokok | M2: =COUNTIF(insurance[smoker],"yes") -> 274 | N2: =M2/M$4 -> 0.20478326
A3: Mean | B3: 39.207025 | D3: Mean | E3: 30.663397 | G3: Mean | H3: 13270.422 | L3: non perokok | M3: =COUNTIF(insurance[smoker],"no") -> 1064 | N3: =M3/M$4 -> 0.79521674
A4: Standard Error | B4: 0.38410242 | D4: Standard Error | E4: 0.16671423 | G4: Standard Error | H4: 331.06745 | L4: Total | M4: =SUM(M2:M3) -> 1338 | N4: =SUM(N2:N3) -> 1
A5: Median | B5: 39 | D5: Median | E5: 30.4 | G5: Median | H5: 9382.033
A6: Mode | B6: 18 | D6: Mode | E6: 32.3 | G6: Mode | H6: 1639.5631 | M6: count | N6: peluang
A7: Standard Deviation | B7: 14.04996 | D7: Standard Deviation | E7: 6.0981869 | G7: Standard Deviation | H7: 12110.011 | L7: female | M7: =COUNTIF(insurance[sex],"female") -> 662 | N7: =M7/M$9 -> 0.49476831
A8: Sample Variance | B8: 197.40139 | D8: Sample Variance | E8: 37.187884 | G8: Sample Variance | H8: 1.4665237e+08 | L8: male | M8: =COUNTIF(insurance[sex],"male") -> 676 | N8: =M8/M$9 -> 0.50523169
A9: Kurtosis | B9: -1.2450877 | D9: Kurtosis | E9: -0.050731531 | G9: Kurtosis | H9: 1.6062987 | L9: Total | M9: =SUM(M7:M8) -> 1338 | N9: =SUM(N7:N8) -> 1
A10: Skewness | B10: 0.055672516 | D10: Skewness | E10: 0.28404711 | G10: Skewness | H10: 1.5158797
A11: Range | B11: 46 | D11: Range | E11: 37.17 | G11: Range | H11: 62648.554 | M11: count | N11: peluang
A12: Minimum | B12: 18 | D12: Minimum | E12: 15.96 | G12: Minimum | H12: 1121.8739 | L12: female ∩ perokok | M12: =COUNTIFS(insurance[sex],"female",insurance[smoker],"yes") -> 115 | N12: =M12/H15 -> 0.085949178
A13: Maximum | B13: 64 | D13: Maximum | E13: 53.13 | G13: Maximum | H13: 63770.428 | L13: male ∩ perokok | M13: =COUNTIFS(insurance[sex],"male",insurance[smoker],"yes") -> 159 | N13: =M13/H15 -> 0.11883408
A14: Sum | B14: 52459 | D14: Sum | E14: 41027.625 | G14: Sum | H14: 17755825
A15: Count | B15: 1338 | D15: Count | E15: 1338 | G15: Count | H15: 1338
A16: Largest(1) | B16: 64 | D16: Largest(1) | E16: 53.13 | G16: Largest(1) | H16: 63770.428 | M16: peluang
A17: Smallest(1) | B17: 18 | D17: Smallest(1) | E17: 15.96 | G17: Smallest(1) | H17: 1121.8739 | L17: female| perokok | M17: =N12/N$2 -> 0.41970803
A18: Confidence Level(095%) | B18: 0.75350904 | D18: Confidence Level(095%) | E18: 0.32704996 | G18: Confidence Level(095%) | H18: 649.46823 | L18: male | perokok | M18: =N13/N$2 -> 0.58029197
L20: tagihan tertinggi | M20: =INDEX(insurance[sex],MATCH(H13,insurance[charges],0),1) -> female

Sheet Langkah #3
A1: Langkah #2 - Analisa Variabel Kontinu
A2: No | B2: Item | C2: Hasil | D2: Keterangan
A3: 1 | B3: Mana yang lebih mungkin terjadi : a. Seseorang dengan BMI diatas 25 mendapatkan tagihan kesehatan diatas 16.7k, atau b. Seseorang dengan BMI dibawah 25 mendapatkan tagihan kesehatan diatas 16.7k
A4: 2 | B4: Mana yang lebih mungkin terjadi : a. Seseorang perokok dengan BMI diatas 25 mendapatkan tagihan kesehatan diatas 16.7k, atau b. Seseorang non perokok dengan BMI diatas 25 mendapatkan tagihan kesehatan diatas 16.7k | C4: perokok & bmi>25
H9: perokok | I9: non perokok | J9: total
G10: n(flag perokok ∩ bmi>25) | H10: =COUNTIFS(insurance[bmi],">"&25,insurance[smoker],"yes") -> 219 | I10: =COUNTIFS(insurance[bmi],">"&25,insurance[smoker],"no") -> 872 | J10: =H10+I10 -> 1091
G11: Peluang pengguna dengan bmi > 25 | H11: =H10/SUM(H10:I10) -> 0.20073327 | I11: =1-H11 -> 0.79926673 | J11: =H11+I11 -> 1
J12: =H13+I13 -> 283
G13: n(charges>16,7K ∩ flag perokok ∩ bmi>25) | H13: =COUNTIFS(insurance[bmi],">"&25,insurance[smoker],"yes",insurance[charges_16,7K],1) -> 215 | I13: =COUNTIFS(insurance[bmi],">"&25,insurance[smoker],"no",insurance[charges_16,7K],1) -> 68 | J13: =H14+I14 -> 1.0597168
G14: p(charges>16,7K | (flag perokok ∩ bmi>25)) | H14: =H13/H10 -> 0.98173516 | I14: =I13/I10 -> 0.077981651

Sheet Langkah #4
B2: Langkah #4 - Analisa Korelasi Variabel
C5: charges | D5: ages | E5: smoker | F5: region | G5: sex | H5: bmi | I5: child
B6: charges | C6: 1
B7: ages | C7: 0.29900819 | D7: 1
B8: smoker | C8: 0.78725143 | D8: -0.025018752 | E8: 1
B9: region | C9: 0.056992781 | D9: -0.0052116897 | E9: 0.053929632 | F9: 1
B10: sex | C10: 0.057292062 | D10: -0.020855872 | E10: 0.076184817 | F10: 0.016120988 | G10: 1
B11: bmi | C11: 0.19834097 | D11: 0.10927188 | E11: 0.0037504259 | F11: 0.26182888 | G11: 0.046371151 | H11: 1
B12: child | C12: 0.067998227 | D12: 0.042468999 | E12: 0.0076731203 | F12: -0.019257217 | G12: 0.017162978 | H12: 0.012758901 | I12: 1

Sheet Langkah #5
B2: Langkah #5 - Pengujian Hipotesa | K2: Tagihan kesehatan perokok lebih tinggi daripada tagihan kesehatan non perokok
B4: 1. Tagihan kesehatan perokok lebih tinggi daripada tagihan kesehatan non perokok | K4: 1. Menentukan hipotesis dan taraf significance
B5: 2. Tagihan kesehatan dengan BMI diatas 25 lebih tinggi daripada tagihan kesehatan | K5: H0 : Nilai rata-rata tagihan perokok <= nilai rata-rata tagihan non perokok
B6: dengan BMI dibawah 25 | K6: H1 : Nilai rata-rata tagihan perokok > nilai rata-rata tagihan non perokok
B7: 3. Tagihan kesehatan laki-laki lebih besar dari perempuan | K7: Nilai α (taraf significance) = | N7: 0.05
K9: 2. Tentukan statistik uji yang digunakan
K10: Dikarenakan standard deviasi populasi tidak diketahui maka digunakan uji t test
K12: 3. Menentukan aturan pengambilan keputusan
K13: - Dikarenakan H1 mengandung > maka dilakukan uji kanan
K14: - Dimana tolak H0 jika hasil uji statistik > nilai kritis
K16: menentukan nilai kritis atas significance = 0,05 dapat dilihat dari table
K17: sehingga nilai kritis = 1.645
K18: hitung nilai kritis manual
L20: perokok | M20: non perokok
K21: n | L21: =COUNTIFS(insurance[smoker],"yes") -> 274 | M21: =COUNTIFS(insurance[smoker],"no") -> 1064
K22: df | L22: =L21-1 -> 273 | M22: =M21-1 -> 1063
K23: α | L23: =N7 -> 0.05 | M23: =N7 -> 0.05
K24: nilai kritis | L24: =TINV(L23,L22) -> 1.9686916 | M24: =TINV(M23,M22) -> 1.9621982
K26: 4. Hitung statistic
L28: perokok | M28: non perokok | N28: non perokok (reduce row)
K29: 𝑥 ̅ | L29: =AVERAGEIFS(insurance[charges],insurance[smoker],"Yes") -> 32050.232 | M29: =AVERAGEIFS(insurance[charges],insurance[smoker],"no") -> 8434.2683 | N29: =AVERAGE('5.1'!C2:C275) -> 8460.7859
K30: σ | L30: {=STDEV(IF(insurance[smoker]="yes",insurance[charges]))} -> 11541.547 | M30: {=STDEV(IF(insurance[smoker]="no",insurance[charges]))} -> 5993.7818 | N30: =STDEV('5.1'!C2:C275) -> 6048.0131
K31: n | L31: =L21 -> 274 | M31: =M21 -> 1064 | N31: =L31 -> 274
K32: σ / n^1/2 | L32: =L30/L31^(1/2) -> 697.25036 | M32: =M30/M31^(1/2) -> 183.75117 | N32: =N30/N31^(1/2) -> 365.37384
K34: t-hitung | M34: =(L29-M29)/(L32+M32) -> 26.805814
K35: t-hitung (reduce row) | M35: =(L29-N29)/(L32+N32) -> 22.199237
K37: karena t-hitung > nilai kritis maka tolak H0
K39: P-value | L39: ='5.1'!G11 -> 1.5988377e-86
K40: jika p-value < α maka total H0
K43: 2. Tagihan kesehatan dengan BMI diatas 25 lebih tinggi daripada tagihan kesehatan dengan BMI dibawah 25
K45: 1. Menentukan hipotesis dan taraf significance
K46: H0 : Nilai rata-rata tagihan bmi di atas 25 <= nilai rata-rata tagihan bmi di bawah 25
K47: H1 : Nilai rata-rata tagihan bmi di atas 25 > nilai rata-rata tagihan bmi di bawah 25
K48: Nilai α (taraf significance) = | N48: 0.05
K50: 2. Tentukan statistik uji yang digunakan
K51: Dikarenakan standard deviasi populasi tidak diketahui maka digunakan uji t test
K53: 3. Menentukan aturan pengambilan keputusan
K54: - Dikarenakan H1 mengandung > maka dilakukan uji kanan
K55: - Dimana tolak H0 jika hasil uji statistik > nilai kritis
K57: menentukan nilai kritis atas significance = 0,05 dapat dilihat dari table
K58: sehingga nilai kritis = 1.645
K60: hitung nilai kritis manual
L61: bmi>25 | M61: bmi<=25
K62: n | L62: =COUNTIFS(insurance[bmi],">"&25) -> 1091 | M62: =COUNTIFS(insurance[bmi],"<="&25) -> 247
K63: df | L63: =L62-1 -> 1090 | M63: =M62-1 -> 246
K64: α | L64: =N48 -> 0.05 | M64: =N48 -> 0.05
K65: nilai kritis | L65: =TINV(L64,L63) -> 1.9621428 | M65: =TINV(M64,M63) -> 1.9696542
K67: 4. Hitung statistic
L68: bmi>25 | M68: bmi<=25 | N68: bmi>25 (reduce row)
K69: 𝑥 ̅ | L69: =AVERAGEIFS(insurance[charges],insurance[bmi],">"&25) -> 13946.476 | M69: =AVERAGEIFS(insurance[charges],insurance[bmi],"<="&25) -> 10284.29 | N69: =AVERAGE('5.2'!B2:B248) -> 14038.567
K70: σ | L70: {=STDEV(IF(insurance[bmi]>25,insurance[charges]))} -> 12834.726 | M70: {=STDEV(IF(insurance[bmi]<=25,insurance[charges]))} -> 7494.494 | N70: =STDEV('5.2'!B2:B248) -> 13261.662
K71: n | L71: =L62 -> 1091 | M71: =M62 -> 247 | N71: =M71 -> 247
K72: σ / n^1/2 | L72: =L70/L71^(1/2) -> 388.57442 | M72: =M70/M71^(1/2) -> 476.86323 | N72: =N70/N71^(1/2) -> 843.81936
K74: t-hitung | M74: =(L69-M69)/(L72+M72) -> 4.2316
K75: t-hitung (reduce row) | M75: =(N69-M69)/(M72+N72) -> 2.8426796
K77: karena t-hitung > nilai kritis maka tolak H0
K78: P-value | L78: ='5.2'!G11 -> 3.8961031e-05
K79: jika p-value < α maka total H0
K82: 3. Tagihan kesehatan laki-laki lebih besar dari perempuan
K84: 1. Menentukan hipotesis dan taraf significance
K85: H0 : Nilai rata-rata tagihan laki-laki <= nilai rata-rata tagihan perempuan
K86: H1 : Nilai rata-rata tagihan laki-laki > nilai rata-rata tagihan perempuan
K87: Nilai α (taraf significance) = | N87: 0.05
K89: 2. Tentukan statistik uji yang digunakan
K90: Dikarenakan standard deviasi populasi tidak diketahui maka digunakan uji t test
K92: 3. Menentukan aturan pengambilan keputusan
K93: - Dikarenakan H1 mengandung > maka dilakukan uji kanan
K94: - Dimana tolak H0 jika hasil uji statistik > nilai kritis
K96: menentukan nilai kritis atas significance = 0,05 dapat dilihat dari table
K97: sehingga nilai kritis = 1.645
K99: hitung nilai kritis manual
L100: laki-laki | M100: perempuan
K101: n | L101: =COUNTIFS(insurance[sex],"male") -> 676 | M101: =COUNTIFS(insurance[sex],"female") -> 662
K102: df | L102: =L101-1 -> 675 | M102: =M101-1 -> 661
K103: α | L103: =N87 -> 0.05 | M103: =N87 -> 0.05
K104: nilai kritis | L104: =TINV(L103,L102) -> 1.9634847 | M104: =TINV(M103,M102) -> 1.9635594
K106: 4. Hitung statistic
L107: laki-laki | M107: perempuan | N107: laki-laki (reduce row)
L108: =AVERAGEIFS(insurance[charges],insurance[sex],"male") -> 13956.751 | M108: =AVERAGEIFS(insurance[charges],insurance[sex],"female") -> 12569.579 | N108: =AVERAGE('5.3'!B2:B663) -> 14033.661
K109: σ | L109: {=STDEV(IF(insurance[sex]="male",insurance[charges]))} -> 12971.026 | M109: {=STDEV(IF(insurance[sex]="female",insurance[charges]))} -> 11128.704 | N109: =STDEV('5.3'!B2:B663) -> 13060.964
K110: n | L110: =L101 -> 676 | M110: =M101 -> 662 | N110: =M110 -> 662
K111: σ / n^1/2 | L111: =L109/L110^(1/2) -> 498.88561 | M111: =M109/M110^(1/2) -> 432.52936 | N111: =N109/N110^(1/2) -> 507.62877
K113: t-hitung | M113: =(L108-M108)/(L111+M111) -> 1.4893172
M114: =(N108-M108)/(M111+N111) -> 1.5572722
K115: karena t-hitung > nilai kritis maka tolak H0
K117: P-value | L117: ='5.3'!G11 -> 0.013487204
K118: jika p-value < α maka total H0

Sheet 5.1
B1: perokok | C1: non perokok
B2: 16884.924 | C2: 1725.5523 | F2: t-Test: Paired Two Sample for Means
B3: 27808.725 | C3: 4449.462 | G3: perokok | H3: non perokok
B4: 39611.758 | C4: 21984.471 | F4: Mean | G4: 32050.232 | H4: 8460.7859
B5: 36837.467 | C5: 3866.8552 | F5: Variance | G5: 1.3320731e+08 | H5: 36578463
B6: 37701.877 | C6: 3756.6216 | F6: Observations | G6: 274 | H6: 274
B7: 38711 | C7: 8240.5896 | F7: Pearson Correlation | G7: -0.057382398
B8: 35585.576 | C8: 7281.5056 | F8: Hypothesized Mean Difference | G8: 0
B9: 51194.559 | C9: 6406.4107 | F9: df | G9: 273
B10: 39774.276 | C10: 28923.137 | F10: t Stat | G10: 29.284048
B11: 48173.361 | C11: 2721.3208 | F11: P(T<=t) one-tail | G11: 1.5988377e-86
B12: 38709.176 | C12: 1826.843 | F12: t Critical one-tail | G12: 1.6504543
B13: 23568.272 | C13: 11090.718 | F13: P(T<=t) two-tail | G13: 3.1976754e-86
B14: 37742.576 | C14: 1837.237 | F14: t Critical two-tail | G14: 1.9686916
B15: 47496.494 | C15: 10797.336
B16: 34303.167 | C16: 2395.1716
B17: 23244.79 | C17: 10602.385
B18: 14711.744 | C18: 13228.847
B19: 17663.144 | C19: 4149.736
B20: 16577.78 | C20: 1137.011
B21: 37165.164 | C21: 6203.9017
B22: 39836.519 | C22: 14001.134
B23: 21098.554 | C23: 14451.835
B24: 43578.939 | C24: 12268.632
B25: 30184.937 | C25: 2775.1921
B26: 47291.055 | C26: 2198.1899
... B275: 29141.36 | C275: 14133.038
C276: 24603.048
C277: 8944.1151
C278: 9620.3307
C279: 1837.2819
C280: 1607.5101
C281: 10043.249
C282: 4751.07
C283: 2597.779
C284: 3180.5101
C285: 9778.3472
C286: 13430.265
C287: 8017.0612
... C1065: 2007.945

Sheet 5.2
B1: bmi>25 | C1: bmi<=25 | F1: t-Test: Paired Two Sample for Means | J1: t-Test: Two-Sample Assuming Unequal Variances
B2: 16884.924 | C2: 21984.471
B3: 1725.5523 | C3: 1837.237 | G3: bmi>25 | H3: bmi<=25 | K3: bmi>25 | L3: bmi<=25
B4: 4449.462 | C4: 2395.1716 | F4: Mean | G4: 14038.567 | H4: 10284.29 | J4: Mean | K4: 13946.476 | L4: 10284.29
B5: 3866.8552 | C5: 14451.835 | F5: Variance | G5: 1.7587168e+08 | H5: 56167440 | J5: Variance | K5: 1.6473018e+08 | L5: 56167440
B6: 3756.6216 | C6: 2775.1921 | F6: Observations | G6: 247 | H6: 247 | J6: Observations | K6: 1091 | L6: 247
B7: 8240.5896 | C7: 1625.4337 | F7: Pearson Correlation | G7: 0.08271113 | J7: Hypothesized Mean Difference | K7: 0
B8: 7281.5056 | C8: 2302.3 | F8: Hypothesized Mean Difference | G8: 0 | J8: df | K8: 619
B9: 6406.4107 | C9: 6272.4772 | F9: df | G9: 246 | J9: t Stat | K9: 5.9534864
B10: 28923.137 | C10: 12629.897 | F10: t Stat | G10: 4.0183946 | J10: P(T<=t) one-tail | K10: 2.1994657e-09
B11: 2721.3208 | C11: 23244.79 | F11: P(T<=t) one-tail | G11: 3.8961031e-05 | J11: t Critical one-tail | K11: 1.647319
B12: 27808.725 | C12: 30166.618 | F12: t Critical one-tail | G12: 1.6510713 | J12: P(T<=t) two-tail | K12: 4.3989313e-09
B13: 1826.843 | C13: 14711.744 | F13: P(T<=t) two-tail | G13: 7.7922061e-05 | J13: t Critical two-tail | K13: 1.9638038
B14: 11090.718 | C14: 17663.144 | F14: t Critical two-tail | G14: 1.9696542
B15: 39611.758 | C15: 16577.78
B16: 10797.336 | C16: 21098.554
B17: 10602.385 | C17: 10942.132
B18: 36837.467 | C18: 22412.648
B19: 13228.847 | C19: 15820.699
B20: 4149.736 | C20: 6686.4313
B21: 1137.011 | C21: 1705.6245
B22: 37701.877 | C22: 32734.186
B23: 6203.9017 | C23: 13616.359
B24: 14001.134 | C24: 27375.905
B25: 12268.632 | C25: 5125.2157
B26: 38711 | C26: 19964.746
... B248: 2156.7518 | C248: 22395.744
B249: 3906.127
B250: 16297.846
B251: 21978.677
B252: 38746.355
B253: 9249.4952
B254: 6746.7425
B255: 12265.507
B256: 4349.462
B257: 12646.207
B258: 19442.354
B259: 20177.671
B260: 4151.0287
... B1092: 29141.36

Sheet 5.3
B1: male | C1: female | F1: t-Test: Paired Two Sample for Means | K1: t-Test: Two-Sample Assuming Unequal Variances
B2: 1725.5523 | C2: 16884.924
B3: 4449.462 | C3: 3756.6216 | G3: male | H3: female | L3: male | M3: female
B4: 21984.471 | C4: 8240.5896 | F4: Mean | G4: 14033.661 | H4: 12569.579 | K4: Mean | L4: 13956.751 | M4: 12569.579
B5: 3866.8552 | C5: 7281.5056 | F5: Variance | G5: 1.7058877e+08 | H5: 1.2384805e+08 | K5: Variance | L5: 1.6824751e+08 | M5: 1.2384805e+08
B6: 6406.4107 | C6: 28923.137 | F6: Observations | G6: 662 | H6: 662 | K6: Observations | L6: 676 | M6: 662
B7: 2721.3208 | C7: 27808.725 | F7: Pearson Correlation | G7: 0.019555707 | K7: Hypothesized Mean Difference | L7: 0
B8: 1826.843 | C8: 11090.718 | F8: Hypothesized Mean Difference | G8: 0 | K8: df | L8: 1313
B9: 39611.758 | C9: 10797.336 | F9: df | G9: 661 | K9: t Stat | L9: 2.1008878
B10: 1837.237 | C10: 13228.847 | F10: t Stat | G10: 2.216828 | K10: P(T<=t) one-tail | L10: 0.017920534
B11: 2395.1716 | C11: 4149.736 | F11: P(T<=t) one-tail | G11: 0.013487204 | K11: t Critical one-tail | L11: 1.646015
B12: 10602.385 | C12: 37701.877 | F12: t Critical one-tail | G12: 1.6471621 | K12: P(T<=t) two-tail | L12: 0.035841067
B13: 36837.467 | C13: 14001.134 | F13: P(T<=t) two-tail | G13: 0.026974408 | K13: t Critical two-tail | L13: 1.9617724
B14: 1137.011 | C14: 14451.835 | F14: t Critical two-tail | G14: 1.9635594
B15: 6203.9017 | C15: 12268.632
B16: 2775.1921 | C16: 2198.1899
B17: 38711 | C17: 4687.797
B18: 35585.576 | C18: 15612.193
B19: 13770.098 | C19: 3046.062
B20: 51194.559 | C20: 4949.7587
B21: 1625.4337 | C21: 6313.759
B22: 2302.3 | C22: 3393.3564
B23: 39774.276 | C23: 3556.9223
B24: 48173.361 | C24: 12629.897
B25: 6272.4772 | C25: 2211.1307
B26: 6079.6715 | C26: 3579.8287
... B663: 21472.479 | C663: 29141.36
B664: 6875.961
B665: 6940.9099
B666: 4536.259
B667: 11272.331
B668: 1163.4627
B669: 19496.719
B670: 5425.0234
B671: 28101.333
B672: 12981.346
B673: 4239.8926
B674: 13143.337
B675: 9377.9047
... B677: 10600.548

Sheet param
B2: kelas | C2: Lower | D2: Upper | E2: desc | F2: round lower | G2: round upper | I2: wilayah | J2: alias | L2: bmi bawah | M2: bmi atas | N2: bmi name
B3: 1 | C3: 1121.8739 | D3: 6817.197 | E3: =CONCATENATE(kelas_charges[[#This Row],[round lower]]," s.d ",kelas_charges[[#This Row],[round upper]]) -> 1121 s.d 6817 | F3: =ROUNDDOWN(kelas_charges[[#This Row],[Lower]],0) -> 1121 | G3: =ROUNDDOWN(kelas_charges[[#This Row],[Upper]],0) -> 6817 | I3: northwest | J3: 1 | L3: 0 | M3: 18.5 | N3: Underweight
B4: 2 | C4: =D3 -> 6817.197 | D4: 12512.52 | E4: =CONCATENATE(kelas_charges[[#This Row],[round lower]]," s.d ",kelas_charges[[#This Row],[round upper]]) -> 6817 s.d 12512 | F4: =ROUNDDOWN(kelas_charges[[#This Row],[Lower]],0) -> 6817 | G4: =ROUNDDOWN(kelas_charges[[#This Row],[Upper]],0) -> 12512 | I4: northeast | J4: 2 | L4: =M3 -> 18.5 | M4: 23 | N4: Normal
B5: 3 | C5: =D4 -> 12512.52 | D5: 18207.843 | E5: =CONCATENATE(kelas_charges[[#This Row],[round lower]]," s.d ",kelas_charges[[#This Row],[round upper]]) -> 12512 s.d 18207 | F5: =ROUNDDOWN(kelas_charges[[#This Row],[Lower]],0) -> 12512 | G5: =ROUNDDOWN(kelas_charges[[#This Row],[Upper]],0) -> 18207 | I5: southwest | J5: 3 | L5: =M4 -> 23 | M5: 25 | N5: Overweight
B6: 4 | C6: =D5 -> 18207.843 | D6: 23903.166 | E6: =CONCATENATE(kelas_charges[[#This Row],[round lower]]," s.d ",kelas_charges[[#This Row],[round upper]]) -> 18207 s.d 23903 | F6: =ROUNDDOWN(kelas_charges[[#This Row],[Lower]],0) -> 18207 | G6: =ROUNDDOWN(kelas_charges[[#This Row],[Upper]],0) -> 23903 | I6: southeast | J6: 4 | L6: =M5 -> 25 | M6: 30 | N6: Obesitas I
B7: 5 | C7: =D6 -> 23903.166 | D7: 29598.489 | E7: =CONCATENATE(kelas_charges[[#This Row],[round lower]]," s.d ",kelas_charges[[#This Row],[round upper]]) -> 23903 s.d 29598 | F7: =ROUNDDOWN(kelas_charges[[#This Row],[Lower]],0) -> 23903 | G7: =ROUNDDOWN(kelas_charges[[#This Row],[Upper]],0) -> 29598 | L7: =M6 -> 30 | M7: 100 | N7: Obesitas II
B8: 6 | C8: =D7 -> 29598.489 | D8: 35293.813 | E8: =CONCATENATE(kelas_charges[[#This Row],[round lower]]," s.d ",kelas_charges[[#This Row],[round upper]]) -> 29598 s.d 35293 | F8: =ROUNDDOWN(kelas_charges[[#This Row],[Lower]],0) -> 29598 | G8: =ROUNDDOWN(kelas_charges[[#This Row],[Upper]],0) -> 35293
B9: 7 | C9: =D8 -> 35293.813 | D9: 40989.136 | E9: =CONCATENATE(kelas_charges[[#This Row],[round lower]]," s.d ",kelas_charges[[#This Row],[round upper]]) -> 35293 s.d 40989 | F9: =ROUNDDOWN(kelas_charges[[#This Row],[Lower]],0) -> 35293 | G9: =ROUNDDOWN(kelas_charges[[#This Row],[Upper]],0) -> 40989
B10: 8 | C10: =D9 -> 40989.136 | D10: 46684.459 | E10: =CONCATENATE(kelas_charges[[#This Row],[round lower]]," s.d ",kelas_charges[[#This Row],[round upper]]) -> 40989 s.d 46684 | F10: =ROUNDDOWN(kelas_charges[[#This Row],[Lower]],0) -> 40989 | G10: =ROUNDDOWN(kelas_charges[[#This Row],[Upper]],0) -> 46684
B11: 9 | C11: =D10 -> 46684.459 | D11: 52379.782 | E11: =CONCATENATE(kelas_charges[[#This Row],[round lower]]," s.d ",kelas_charges[[#This Row],[round upper]]) -> 46684 s.d 52379 | F11: =ROUNDDOWN(kelas_charges[[#This Row],[Lower]],0) -> 46684 | G11: =ROUNDDOWN(kelas_charges[[#This Row],[Upper]],0) -> 52379
B12: 10 | C12: =D11 -> 52379.782 | D12: 58075.105 | E12: =CONCATENATE(kelas_charges[[#This Row],[round lower]]," s.d ",kelas_charges[[#This Row],[round upper]]) -> 52379 s.d 58075 | F12: =ROUNDDOWN(kelas_charges[[#This Row],[Lower]],0) -> 52379 | G12: =ROUNDDOWN(kelas_charges[[#This Row],[Upper]],0) -> 58075
B13: 11 | C13: =D12 -> 58075.105 | D13: 63771 | E13: =CONCATENATE(kelas_charges[[#This Row],[round lower]]," s.d ",kelas_charges[[#This Row],[round upper]]) -> 58075 s.d 63771 | F13: =ROUNDDOWN(kelas_charges[[#This Row],[Lower]],0) -> 58075 | G13: =ROUNDDOWN(kelas_charges[[#This Row],[Upper]],0) -> 63771

Sheet insurance olah help
A1: age | B1: sex | C1: bmi | D1: children | E1: smoker | F1: region | G1: charges | H1: charges_class | I1: desc_charges_class | J1: charges_class2 | K1: charges_correl | L1: ages_correl | M1: smoker_correl | N1: smo | O1: cha | P1: bmi name | Q1: cha2 | R1: smo2 | S1: bmi2 | T1: age2 | U1: bmi3 | V1: class | W1: region_correl | X1: sex_correl | Y1: bmi_correl | Z1: child_correl
A2: 19 | B2: female | C2: 27.9 | D2: 0 | E2: yes | F2: southwest | G2: 16884.924 | H2: {=INDEX(kelas_charges[kelas],MATCH(1,(insurance9[[#This Row],[charges]]>=kelas_charges[Lower])*(insurance9[[#This Row],[charges]]<kelas_charges[Upper]),0),1)} -> 3 | I2: {=INDEX(kelas_charges[desc],MATCH(1,(insurance9[[#This Row],[charges]]>=kelas_charges[Lower])*(insurance9[[#This Row],[charges]]<kelas_charges[Upper]),0),1)} -> 12512 s.d 18207 | J2: =IF(insurance9[[#This Row],[charges]]>16700,1,0) -> 1 | K2: =insurance9[[#This Row],[charges]] -> 16884.924 | L2: =insurance9[[#This Row],[age]] -> 19 | M2: =IF(insurance9[[#This Row],[smoker]]="yes",1,0) -> 1 | N2: =IF(insurance9[[#This Row],[smoker]]="yes","Perokok","Non Perokok") -> Perokok | O2: =insurance9[[#This Row],[charges]] -> 16884.924 | P2: {=INDEX(bmi[bmi name],MATCH(1,(insurance9[[#This Row],[bmi]]<bmi[bmi atas])*(insurance9[[#This Row],[bmi]]>=bmi[bmi bawah]),0),0)} -> Obesitas I | Q2: =insurance9[[#This Row],[cha]] -> 16884.924 | R2: =insurance9[[#This Row],[smo]] -> Perokok | S2: =insurance9[[#This Row],[bmi]] -> 27.9 | T2: =insurance9[[#This Row],[age]] -> 19 | U2: =insurance9[[#This Row],[bmi2]] -> 27.9 | V2: =insurance9[[#This Row],[charges_class]] -> 3 | W2: =VLOOKUP(insurance9[[#This Row],[region]],Table2[],2,0) -> 3 | X2: =IF(insurance9[[#This Row],[sex]]="female",0,1) -> 0 | Y2: =insurance9[[#This Row],[bmi]] -> 27.9 | Z2: =insurance9[[#This Row],[children]] -> 0
A3: 18 | B3: male | C3: 33.77 | D3: 1 | E3: no | F3: southeast | G3: 1725.5523 | H3: {=INDEX(kelas_charges[kelas],MATCH(1,(insurance9[[#This Row],[charges]]>=kelas_charges[Lower])*(insurance9[[#This Row],[charges]]<kelas_charges[Upper]),0),1)} -> 1 | I3: {=INDEX(kelas_charges[desc],MATCH(1,(insurance9[[#This Row],[charges]]>=kelas_charges[Lower])*(insurance9[[#This Row],[charges]]<kelas_charges[Upper]),0),1)} -> 1121 s.d 6817 | J3: =IF(insurance9[[#This Row],[charges]]>16700,1,0) -> 0 | K3: =insurance9[[#This Row],[charges]] -> 1725.5523 | L3: =insurance9[[#This Row],[age]] -> 18 | M3: =IF(insurance9[[#This Row],[smoker]]="yes",1,0) -> 0 | N3: =IF(insurance9[[#This Row],[smoker]]="yes","Perokok","Non Perokok") -> Non Perokok | O3: =insurance9[[#This Row],[charges]] -> 1725.5523 | P3: {=INDEX(bmi[bmi name],MATCH(1,(insurance9[[#This Row],[bmi]]<bmi[bmi atas])*(insurance9[[#This Row],[bmi]]>=bmi[bmi bawah]),0),0)} -> Obesitas II | Q3: =insurance9[[#This Row],[cha]] -> 1725.5523 | R3: =insurance9[[#This Row],[smo]] -> Non Perokok | S3: =insurance9[[#This Row],[bmi]] -> 33.77 | T3: =insurance9[[#This Row],[age]] -> 18 | U3: =insurance9[[#This Row],[bmi2]] -> 33.77 | V3: =insurance9[[#This Row],[charges_class]] -> 1 | W3: =VLOOKUP(insurance9[[#This Row],[region]],Table2[],2,0) -> 4 | X3: =IF(insurance9[[#This Row],[sex]]="female",0,1) -> 1 | Y3: =insurance9[[#This Row],[bmi]] -> 33.77 | Z3: =insurance9[[#This Row],[children]] -> 1
A4: 28 | B4: male | C4: 33 | D4: 3 | E4: no | F4: southeast | G4: 4449.462 | H4: {=INDEX(kelas_charges[kelas],MATCH(1,(insurance9[[#This Row],[charges]]>=kelas_charges[Lower])*(insurance9[[#This Row],[charges]]<kelas_charges[Upper]),0),1)} -> 1 | I4: {=INDEX(kelas_charges[desc],MATCH(1,(insurance9[[#This Row],[charges]]>=kelas_charges[Lower])*(insurance9[[#This Row],[charges]]<kelas_charges[Upper]),0),1)} -> 1121 s.d 6817 | J4: =IF(insurance9[[#This Row],[charges]]>16700,1,0) -> 0 | K4: =insurance9[[#This Row],[charges]] -> 4449.462 | L4: =insurance9[[#This Row],[age]] -> 28 | M4: =IF(insurance9[[#This Row],[smoker]]="yes",1,0) -> 0 | N4: =IF(insurance9[[#This Row],[smoker]]="yes","Perokok","Non Perokok") -> Non Perokok | O4: =insurance9[[#This Row],[charges]] -> 4449.462 | P4: {=INDEX(bmi[bmi name],MATCH(1,(insurance9[[#This Row],[bmi]]<bmi[bmi atas])*(insurance9[[#This Row],[bmi]]>=bmi[bmi bawah]),0),0)} -> Obesitas II | Q4: =insurance9[[#This Row],[cha]] -> 4449.462 | R4: =insurance9[[#This Row],[smo]] -> Non Perokok | S4: =insurance9[[#This Row],[bmi]] -> 33 | T4: =insurance9[[#This Row],[age]] -> 28 | U4: =insurance9[[#This Row],[bmi2]] -> 33 | V4: =insurance9[[#This Row],[charges_class]] -> 1 | W4: =VLOOKUP(insurance9[[#This Row],[region]],Table2[],2,0) -> 4 | X4: =IF(insurance9[[#This Row],[sex]]="female",0,1) -> 1 | Y4: =insurance9[[#This Row],[bmi]] -> 33 | Z4: =insurance9[[#This Row],[children]] -> 3
A5: 33 | B5: male | C5: 22.705 | D5: 0 | E5: no | F5: northwest | G5: 21984.471 | H5: {=INDEX(kelas_charges[kelas],MATCH(1,(insurance9[[#This Row],[charges]]>=kelas_charges[Lower])*(insurance9[[#This Row],[charges]]<kelas_charges[Upper]),0),1)} -> 4 | I5: {=INDEX(kelas_charges[desc],MATCH(1,(insurance9[[#This Row],[charges]]>=kelas_charges[Lower])*(insurance9[[#This Row],[charges]]<kelas_charges[Upper]),0),1)} -> 18207 s.d 23903 | J5: =IF(insurance9[[#This Row],[charges]]>16700,1,0) -> 1 | K5: =insurance9[[#This Row],[charges]] -> 21984.471 | L5: =insurance9[[#This Row],[age]] -> 33 | M5: =IF(insurance9[[#This Row],[smoker]]="yes",1,0) -> 0 | N5: =IF(insurance9[[#This Row],[smoker]]="yes","Perokok","Non Perokok") -> Non Perokok | O5: =insurance9[[#This Row],[charges]] -> 21984.471 | P5: {=INDEX(bmi[bmi name],MATCH(1,(insurance9[[#This Row],[bmi]]<bmi[bmi atas])*(insurance9[[#This Row],[bmi]]>=bmi[bmi bawah]),0),0)} -> Normal | Q5: =insurance9[[#This Row],[cha]] -> 21984.471 | R5: =insurance9[[#This Row],[smo]] -> Non Perokok | S5: =insurance9[[#This Row],[bmi]] -> 22.705 | T5: =insurance9[[#This Row],[age]] -> 33 | U5: =insurance9[[#This Row],[bmi2]] -> 22.705 | V5: =insurance9[[#This Row],[charges_class]] -> 4 | W5: =VLOOKUP(insurance9[[#This Row],[region]],Table2[],2,0) -> 1 | X5: =IF(insurance9[[#This Row],[sex]]="female",0,1) -> 1 | Y5: =insurance9[[#This Row],[bmi]] -> 22.705 | Z5: =insurance9[[#This Row],[children]] -> 0
A6: 32 | B6: male | C6: 28.88 | D6: 0 | E6: no | F6: northwest | G6: 3866.8552 | H6: {=INDEX(kelas_charges[kelas],MATCH(1,(insurance9[[#This Row],[charges]]>=kelas_charges[Lower])*(insurance9[[#This Row],[charges]]<kelas_charges[Upper]),0),1)} -> 1 | I6: {=INDEX(kelas_charges[desc],MATCH(1,(insurance9[[#This Row],[charges]]>=kelas_charges[Lower])*(insurance9[[#This Row],[charges]]<kelas_charges[Upper]),0),1)} -> 1121 s.d 6817 | J6: =IF(insurance9[[#This Row],[charges]]>16700,1,0) -> 0 | K6: =insurance9[[#This Row],[charges]] -> 3866.8552 | L6: =insurance9[[#This Row],[age]] -> 32 | M6: =IF(insurance9[[#This Row],[smoker]]="yes",1,0) -> 0 | N6: =IF(insurance9[[#This Row],[smoker]]="yes","Perokok","Non Perokok") -> Non Perokok | O6: =insurance9[[#This Row],[charges]] -> 3866.8552 | P6: {=INDEX(bmi[bmi name],MATCH(1,(insurance9[[#This Row],[bmi]]<bmi[bmi atas])*(insurance9[[#This Row],[bmi]]>=bmi[bmi bawah]),0),0)} -> Obesitas I | Q6: =insurance9[[#This Row],[cha]] -> 3866.8552 | R6: =insurance9[[#This Row],[smo]] -> Non Perokok | S6: =insurance9[[#This Row],[bmi]] -> 28.88 | T6: =insurance9[[#This Row],[age]] -> 32 | U6: =insurance9[[#This Row],[bmi2]] -> 28.88 | V6: =insurance9[[#This Row],[charges_class]] -> 1 | W6: =VLOOKUP(insurance9[[#This Row],[region]],Table2[],2,0) -> 1 | X6: =IF(insurance9[[#This Row],[sex]]="female",0,1) -> 1 | Y6: =insurance9[[#This Row],[bmi]] -> 28.88 | Z6: =insurance9[[#This Row],[children]] -> 0
A7: 31 | B7: female | C7: 25.74 | D7: 0 | E7: no | F7: southeast | G7: 3756.6216 | H7: {=INDEX(kelas_charges[kelas],MATCH(1,(insurance9[[#This Row],[charges]]>=kelas_charges[Lower])*(insurance9[[#This Row],[charges]]<kelas_charges[Upper]),0),1)} -> 1 | I7: {=INDEX(kelas_charges[desc],MATCH(1,(insurance9[[#This Row],[charges]]>=kelas_charges[Lower])*(insurance9[[#This Row],[charges]]<kelas_charges[Upper]),0),1)} -> 1121 s.d 6817 | J7: =IF(insurance9[[#This Row],[charges]]>16700,1,0) -> 0 | K7: =insurance9[[#This Row],[charges]] -> 3756.6216 | L7: =insurance9[[#This Row],[age]] -> 31 | M7: =IF(insurance9[[#This Row],[smoker]]="yes",1,0) -> 0 | N7: =IF(insurance9[[#This Row],[smoker]]="yes","Perokok","Non Perokok") -> Non Perokok | O7: =insurance9[[#This Row],[charges]] -> 3756.6216 | P7: {=INDEX(bmi[bmi name],MATCH(1,(insurance9[[#This Row],[bmi]]<bmi[bmi atas])*(insurance9[[#This Row],[bmi]]>=bmi[bmi bawah]),0),0)} -> Obesitas I | Q7: =insurance9[[#This Row],[cha]] -> 3756.6216 | R7: =insurance9[[#This Row],[smo]] -> Non Perokok | S7: =insurance9[[#This Row],[bmi]] -> 25.74 | T7: =insurance9[[#This Row],[age]] -> 31 | U7: =insurance9[[#This Row],[bmi2]] -> 25.74 | V7: =insurance9[[#This Row],[charges_class]] -> 1 | W7: =VLOOKUP(insurance9[[#This Row],[region]],Table2[],2,0) -> 4 | X7: =IF(insurance9[[#This Row],[sex]]="female",0,1) -> 0 | Y7: =insurance9[[#This Row],[bmi]] -> 25.74 | Z7: =insurance9[[#This Row],[children]] -> 0
A8: 46 | B8: female | C8: 33.44 | D8: 1 | E8: no | F8: southeast | G8: 8240.5896 | H8: {=INDEX(kelas_charges[kelas],MATCH(1,(insurance9[[#This Row],[charges]]>=kelas_charges[Lower])*(insurance9[[#This Row],[charges]]<kelas_charges[Upper]),0),1)} -> 2 | I8: {=INDEX(kelas_charges[desc],MATCH(1,(insurance9[[#This Row],[charges]]>=kelas_charges[Lower])*(insurance9[[#This Row],[charges]]<kelas_charges[Upper]),0),1)} -> 6817 s.d 12512 | J8: =IF(insurance9[[#This Row],[charges]]>16700,1,0) -> 0 | K8: =insurance9[[#This Row],[charges]] -> 8240.5896 | L8: =insurance9[[#This Row],[age]] -> 46 | M8: =IF(insurance9[[#This Row],[smoker]]="yes",1,0) -> 0 | N8: =IF(insurance9[[#This Row],[smoker]]="yes","Perokok","Non Perokok") -> Non Perokok | O8: =insurance9[[#This Row],[charges]] -> 8240.5896 | P8: {=INDEX(bmi[bmi name],MATCH(1,(insurance9[[#This Row],[bmi]]<bmi[bmi atas])*(insurance9[[#This Row],[bmi]]>=bmi[bmi bawah]),0),0)} -> Obesitas II | Q8: =insurance9[[#This Row],[cha]] -> 8240.5896 | R8: =insurance9[[#This Row],[smo]] -> Non Perokok | S8: =insurance9[[#This Row],[bmi]] -> 33.44 | T8: =insurance9[[#This Row],[age]] -> 46 | U8: =insurance9[[#This Row],[bmi2]] -> 33.44 | V8: =insurance9[[#This Row],[charges_class]] -> 2 | W8: =VLOOKUP(insurance9[[#This Row],[region]],Table2[],2,0) -> 4 | X8: =IF(insurance9[[#This Row],[sex]]="female",0,1) -> 0 | Y8: =insurance9[[#This Row],[bmi]] -> 33.44 | Z8: =insurance9[[#This Row],[children]] -> 1
A9: 37 | B9: female | C9: 27.74 | D9: 3 | E9: no | F9: northwest | G9: 7281.5056 | H9: {=INDEX(kelas_charges[kelas],MATCH(1,(insurance9[[#This Row],[charges]]>=kelas_charges[Lower])*(insurance9[[#This Row],[charges]]<kelas_charges[Upper]),0),1)} -> 2 | I9: {=INDEX(kelas_charges[desc],MATCH(1,(insurance9[[#This Row],[charges]]>=kelas_charges[Lower])*(insurance9[[#This Row],[charges]]<kelas_charges[Upper]),0),1)} -> 6817 s.d 12512 | J9: =IF(insurance9[[#This Row],[charges]]>16700,1,0) -> 0 | K9: =insurance9[[#This Row],[charges]] -> 7281.5056 | L9: =insurance9[[#This Row],[age]] -> 37 | M9: =IF(insurance9[[#This Row],[smoker]]="yes",1,0) -> 0 | N9: =IF(insurance9[[#This Row],[smoker]]="yes","Perokok","Non Perokok") -> Non Perokok | O9: =insurance9[[#This Row],[charges]] -> 7281.5056 | P9: {=INDEX(bmi[bmi name],MATCH(1,(insurance9[[#This Row],[bmi]]<bmi[bmi atas])*(insurance9[[#This Row],[bmi]]>=bmi[bmi bawah]),0),0)} -> Obesitas I | Q9: =insurance9[[#This Row],[cha]] -> 7281.5056 | R9: =insurance9[[#This Row],[smo]] -> Non Perokok | S9: =insurance9[[#This Row],[bmi]] -> 27.74 | T9: =insurance9[[#This Row],[age]] -> 37 | U9: =insurance9[[#This Row],[bmi2]] -> 27.74 | V9: =insurance9[[#This Row],[charges_class]] -> 2 | W9: =VLOOKUP(insurance9[[#This Row],[region]],Table2[],2,0) -> 1 | X9: =IF(insurance9[[#This Row],[sex]]="female",0,1) -> 0 | Y9: =insurance9[[#This Row],[bmi]] -> 27.74 | Z9: =insurance9[[#This Row],[children]] -> 3
A10: 37 | B10: male | C10: 29.83 | D10: 2 | E10: no | F10: northeast | G10: 6406.4107 | H10: {=INDEX(kelas_charges[kelas],MATCH(1,(insurance9[[#This Row],[charges]]>=kelas_charges[Lower])*(insurance9[[#This Row],[charges]]<kelas_charges[Upper]),0),1)} -> 1 | I10: {=INDEX(kelas_charges[desc],MATCH(1,(insurance9[[#This Row],[charges]]>=kelas_charges[Lower])*(insurance9[[#This Row],[charges]]<kelas_charges[Upper]),0),1)} -> 1121 s.d 6817 | J10: =IF(insurance9[[#This Row],[charges]]>16700,1,0) -> 0 | K10: =insurance9[[#This Row],[charges]] -> 6406.4107 | L10: =insurance9[[#This Row],[age]] -> 37 | M10: =IF(insurance9[[#This Row],[smoker]]="yes",1,0) -> 0 | N10: =IF(insurance9[[#This Row],[smoker]]="yes","Perokok","Non Perokok") -> Non Perokok | O10: =insurance9[[#This Row],[charges]] -> 6406.4107 | P10: {=INDEX(bmi[bmi name],MATCH(1,(insurance9[[#This Row],[bmi]]<bmi[bmi atas])*(insurance9[[#This Row],[bmi]]>=bmi[bmi bawah]),0),0)} -> Obesitas I | Q10: =insurance9[[#This Row],[cha]] -> 6406.4107 | R10: =insurance9[[#This Row],[smo]] -> Non Perokok | S10: =insurance9[[#This Row],[bmi]] -> 29.83 | T10: =insurance9[[#This Row],[age]] -> 37 | U10: =insurance9[[#This Row],[bmi2]] -> 29.83 | V10: =insurance9[[#This Row],[charges_class]] -> 1 | W10: =VLOOKUP(insurance9[[#This Row],[region]],Table2[],2,0) -> 2 | X10: =IF(insurance9[[#This Row],[sex]]="female",0,1) -> 1 | Y10: =insurance9[[#This Row],[bmi]] -> 29.83 | Z10: =insurance9[[#This Row],[children]] -> 2
A11: 60 | B11: female | C11: 25.84 | D11: 0 | E11: no | F11: northwest | G11: 28923.137 | H11: {=INDEX(kelas_charges[kelas],MATCH(1,(insurance9[[#This Row],[charges]]>=kelas_charges[Lower])*(insurance9[[#This Row],[charges]]<kelas_charges[Upper]),0),1)} -> 5 | I11: {=INDEX(kelas_charges[desc],MATCH(1,(insurance9[[#This Row],[charges]]>=kelas_charges[Lower])*(insurance9[[#This Row],[charges]]<kelas_charges[Upper]),0),1)} -> 23903 s.d 29598 | J11: =IF(insurance9[[#This Row],[charges]]>16700,1,0) -> 1 | K11: =insurance9[[#This Row],[charges]] -> 28923.137 | L11: =insurance9[[#This Row],[age]] -> 60 | M11: =IF(insurance9[[#This Row],[smoker]]="yes",1,0) -> 0 | N11: =IF(insurance9[[#This Row],[smoker]]="yes","Perokok","Non Perokok") -> Non Perokok | O11: =insurance9[[#This Row],[charges]] -> 28923.137 | P11: {=INDEX(bmi[bmi name],MATCH(1,(insurance9[[#This Row],[bmi]]<bmi[bmi atas])*(insurance9[[#This Row],[bmi]]>=bmi[bmi bawah]),0),0)} -> Obesitas I | Q11: =insurance9[[#This Row],[cha]] -> 28923.137 | R11: =insurance9[[#This Row],[smo]] -> Non Perokok | S11: =insurance9[[#This Row],[bmi]] -> 25.84 | T11: =insurance9[[#This Row],[age]] -> 60 | U11: =insurance9[[#This Row],[bmi2]] -> 25.84 | V11: =insurance9[[#This Row],[charges_class]] -> 5 | W11: =VLOOKUP(insurance9[[#This Row],[region]],Table2[],2,0) -> 1 | X11: =IF(insurance9[[#This Row],[sex]]="female",0,1) -> 0 | Y11: =insurance9[[#This Row],[bmi]] -> 25.84 | Z11: =insurance9[[#This Row],[children]] -> 0
A12: 25 | B12: male | C12: 26.22 | D12: 0 | E12: no | F12: northeast | G12: 2721.3208 | H12: {=INDEX(kelas_charges[kelas],MATCH(1,(insurance9[[#This Row],[charges]]>=kelas_charges[Lower])*(insurance9[[#This Row],[charges]]<kelas_charges[Upper]),0),1)} -> 1 | I12: {=INDEX(kelas_charges[desc],MATCH(1,(insurance9[[#This Row],[charges]]>=kelas_charges[Lower])*(insurance9[[#This Row],[charges]]<kelas_charges[Upper]),0),1)} -> 1121 s.d 6817 | J12: =IF(insurance9[[#This Row],[charges]]>16700,1,0) -> 0 | K12: =insurance9[[#This Row],[charges]] -> 2721.3208 | L12: =insurance9[[#This Row],[age]] -> 25 | M12: =IF(insurance9[[#This Row],[smoker]]="yes",1,0) -> 0 | N12: =IF(insurance9[[#This Row],[smoker]]="yes","Perokok","Non Perokok") -> Non Perokok | O12: =insurance9[[#This Row],[charges]] -> 2721.3208 | P12: {=INDEX(bmi[bmi name],MATCH(1,(insurance9[[#This Row],[bmi]]<bmi[bmi atas])*(insurance9[[#This Row],[bmi]]>=bmi[bmi bawah]),0),0)} -> Obesitas I | Q12: =insurance9[[#This Row],[cha]] -> 2721.3208 | R12: =insurance9[[#This Row],[smo]] -> Non Perokok | S12: =insurance9[[#This Row],[bmi]] -> 26.22 | T12: =insurance9[[#This Row],[age]] -> 25 | U12: =insurance9[[#This Row],[bmi2]] -> 26.22 | V12: =insurance9[[#This Row],[charges_class]] -> 1 | W12: =VLOOKUP(insurance9[[#This Row],[region]],Table2[],2,0) -> 2 | X12: =IF(insurance9[[#This Row],[sex]]="female",0,1) -> 1 | Y12: =insurance9[[#This Row],[bmi]] -> 26.22 | Z12: =insurance9[[#This Row],[children]] -> 0
A13: 62 | B13: female | C13: 26.29 | D13: 0 | E13: yes | F13: southeast | G13: 27808.725 | H13: {=INDEX(kelas_charges[kelas],MATCH(1,(insurance9[[#This Row],[charges]]>=kelas_charges[Lower])*(insurance9[[#This Row],[charges]]<kelas_charges[Upper]),0),1)} -> 5 | I13: {=INDEX(kelas_charges[desc],MATCH(1,(insurance9[[#This Row],[charges]]>=kelas_charges[Lower])*(insurance9[[#This Row],[charges]]<kelas_charges[Upper]),0),1)} -> 23903 s.d 29598 | J13: =IF(insurance9[[#This Row],[charges]]>16700,1,0) -> 1 | K13: =insurance9[[#This Row],[charges]] -> 27808.725 | L13: =insurance9[[#This Row],[age]] -> 62 | M13: =IF(insurance9[[#This Row],[smoker]]="yes",1,0) -> 1 | N13: =IF(insurance9[[#This Row],[smoker]]="yes","Perokok","Non Perokok") -> Perokok | O13: =insurance9[[#This Row],[charges]] -> 27808.725 | P13: {=INDEX(bmi[bmi name],MATCH(1,(insurance9[[#This Row],[bmi]]<bmi[bmi atas])*(insurance9[[#This Row],[bmi]]>=bmi[bmi bawah]),0),0)} -> Obesitas I | Q13: =insurance9[[#This Row],[cha]] -> 27808.725 | R13: =insurance9[[#This Row],[smo]] -> Perokok | S13: =insurance9[[#This Row],[bmi]] -> 26.29 | T13: =insurance9[[#This Row],[age]] -> 62 | U13: =insurance9[[#This Row],[bmi2]] -> 26.29 | V13: =insurance9[[#This Row],[charges_class]] -> 5 | W13: =VLOOKUP(insurance9[[#This Row],[region]],Table2[],2,0) -> 4 | X13: =IF(insurance9[[#This Row],[sex]]="female",0,1) -> 0 | Y13: =insurance9[[#This Row],[bmi]] -> 26.29 | Z13: =insurance9[[#This Row],[children]] -> 0
... A1339: 61 | B1339: female | C1339: 29.07 | D1339: 0 | E1339: yes | F1339: northwest | G1339: 29141.36 | H1339: {=INDEX(kelas_charges[kelas],MATCH(1,(insurance9[[#This Row],[charges]]>=kelas_charges[Lower])*(insurance9[[#This Row],[charges]]<kelas_charges[Upper]),0),1)} -> 5 | I1339: {=INDEX(kelas_charges[desc],MATCH(1,(insurance9[[#This Row],[charges]]>=kelas_charges[Lower])*(insurance9[[#This Row],[charges]]<kelas_charges[Upper]),0),1)} -> 23903 s.d 29598 | J1339: =IF(insurance9[[#This Row],[charges]]>16700,1,0) -> 1 | K1339: =insurance9[[#This Row],[charges]] -> 29141.36 | L1339: =insurance9[[#This Row],[age]] -> 61 | M1339: =IF(insurance9[[#This Row],[smoker]]="yes",1,0) -> 1 | N1339: =IF(insurance9[[#This Row],[smoker]]="yes","Perokok","Non Perokok") -> Perokok | O1339: =insurance9[[#This Row],[charges]] -> 29141.36 | P1339: {=INDEX(bmi[bmi name],MATCH(1,(insurance9[[#This Row],[bmi]]<bmi[bmi atas])*(insurance9[[#This Row],[bmi]]>=bmi[bmi bawah]),0),0)} -> Obesitas I | Q1339: =insurance9[[#This Row],[cha]] -> 29141.36 | R1339: =insurance9[[#This Row],[smo]] -> Perokok | S1339: =insurance9[[#This Row],[bmi]] -> 29.07 | T1339: =insurance9[[#This Row],[age]] -> 61 | U1339: =insurance9[[#This Row],[bmi2]] -> 29.07 | V1339: =insurance9[[#This Row],[charges_class]] -> 5 | W1339: =VLOOKUP(insurance9[[#This Row],[region]],Table2[],2,0) -> 1 | X1339: =IF(insurance9[[#This Row],[sex]]="female",0,1) -> 0 | Y1339: =insurance9[[#This Row],[bmi]] -> 29.07 | Z1339: =insurance9[[#This Row],[children]] -> 0

Sheet dataset
B2: No | C2: Field | D2: Keterangan
B3: 1 | C3: age | D3: Umur pengguna asuransi / tertanggung
B4: 2 | C4: sex | D4: Jenis Kelamin = { male, female }
B5: 3 | C5: bmi | D5: Body mass index, merepresentasikan nilai berat badan berdasarkan tinggi badan, dengan nilai bmi ideal 18.5 s.d 24.9
B6: 4 | C6: children | D6: Jumlah anak yang ditanggung asuransi
B7: 5 | C7: smoker | D7: Flag perokok atau tidak perokok
B8: 6 | C8: region | D8: Wilayah domisili = { northeast, southeast, southwest, northwest }
B9: 7 | C9: charges | D9: Besaran tagihan kesehatan

Sheet Sheet5
B3: class | C3: 1 | D3: 2 | E3: 3 | F3: 4 | G3: 5 | H3: 6 | I3: 7 | J3: 8 | K3: 9 | L3: 10 | M3: 11
B4: bin | C4: 1121 s.d 6817 | D4: 6817 s.d 12512 | E4: 12512 s.d 18207 | F4: 18207 s.d 23903 | G4: 23903 s.d 29598 | H4: 29598 s.d 35293 | I4: 35293 s.d 40989 | J4: 40989 s.d 46684 | K4: 46684 s.d 52379 | L4: 52379 s.d 58075 | M4: 58075 s.d 63771

Sheet pustaka
C3: https://ullymuzakir.my.id/cara-menghitung-banyak-kelas-dan-panjang-kelas-dengan-menggunakan-ms-excel/

Sheet vis1
F2: 0.27204783 | G2: southeast
F3: 0.24289985 | G3: southwest
F4: 0.24215247 | G4: northeast
F5: 0.24289985 | G5: northwest

Sheet vis2

Sheet menentukan bin
C2: Class | D2: Bin | F2: charges | L2: Class | M2: 0 | N2: 1 | O2: 2 | P2: 3 | Q2: 4 | R2: 5 | S2: 6 | T2: 7 | U2: 8 | V2: 9 | W2: 10 | X2: 11
C3: 0 | D3: =G18 -> 1121.8739 | L3: Bin | M3: 1121.8739 | N3: 6817.197 | O3: 12512.52 | P3: 18207.843 | Q3: 23903.166 | R3: 29598.489 | S3: 35293.813 | T3: 40989.136 | U3: 46684.459 | V3: 52379.782 | W3: 58075.105 | X3: 63770.428
C4: 1 | D4: =D3+$G$23 -> 6817.197 | F4: Mean | G4: 13270.422
C5: 2 | D5: =D4+$G$23 -> 12512.52 | F5: Standard Error | G5: 331.06745
C6: 3 | D6: =D5+$G$23 -> 18207.843 | F6: Median | G6: 9382.033
C7: 4 | D7: =D6+$G$23 -> 23903.166 | F7: Mode | G7: 1639.5631
C8: 5 | D8: =D7+$G$23 -> 29598.489 | F8: Standard Deviation | G8: 12110.011
C9: 6 | D9: =D8+$G$23 -> 35293.813 | F9: Sample Variance | G9: 1.4665237e+08
C10: 7 | D10: =D9+$G$23 -> 40989.136 | F10: Kurtosis | G10: 1.6062987
C11: 8 | D11: =D10+$G$23 -> 46684.459 | F11: Skewness | G11: 1.5158797
C12: 9 | D12: =D11+$G$23 -> 52379.782 | F12: Range | G12: 62648.554
C13: 10 | D13: =D12+$G$23 -> 58075.105 | F13: Minimum | G13: 1121.8739
C14: 11 | D14: =D13+$G$23 -> 63770.428 | F14: Maximum | G14: 63770.428
F15: Sum | G15: 17755825
F16: Count | G16: 1338
F17: Largest(1) | G17: 63770.428
F18: Smallest(1) | G18: 1121.8739
F19: Confidence Level(095%) | G19: 649.46823
F21: banyak kelas | G21: =1+3.322*LOG(G16) -> 11.386087
F22: rounding (banyake kelas) | G22: =ROUND(G21,0) -> 11
F23: panjang kelas | G23: =G12/G22 -> 5695.3231
